provider_id,npi,provider_name,practice_name,state,specialty_primary,verification_status,change_flag,confidence_score,triage_risk_score,recommended_action,issue_flags
PRV000050,1035797279,Carlos Harris,Harris Telehealth,TX,Endocrinology,Stale,Retired,0.709,1.0,review_identity_or_status,invalid_npi|missing_address|expired_license|stale_verification|verification_status_risk|identity_or_active_status_change
PRV000124,234679121,Liam Chen,Chen Solo Practice,MI,Physical Therapy,Unverified,Left Practice,1.0,1.0,review_identity_or_status,invalid_npi|invalid_phone|expired_license|stale_verification|verification_status_risk|identity_or_active_status_change
PRV000156,1148375374,Linda Williams,Williams FQHC,AZ,Psychiatry,Unverified,Retired,0.647,1.0,review_identity_or_status,invalid_npi|missing_address|expired_license|stale_verification|verification_status_risk|identity_or_active_status_change
PRV000175,4605687611,Linda Robinson,Robinson FQHC,IN,Rheumatology,Unverified,Left Practice,0.8,1.0,review_identity_or_status,invalid_npi|missing_address|expired_license|stale_verification|verification_status_risk|identity_or_active_status_change
PRV000290,8730486251,Thomas Thompson,Thompson Solo Practice,OH,Psychiatry,Stale,Retired,0.712,1.0,review_identity_or_status,invalid_npi|invalid_phone|expired_license|stale_verification|verification_status_risk|identity_or_active_status_change
PRV000296,2649632251,Fatima Wilson,Wilson FQHC,TX,Internal Medicine,Stale,Left Practice,0.438,1.0,review_identity_or_status,invalid_npi|invalid_phone|expired_license|stale_verification|verification_status_risk|identity_or_active_status_change
PRV000389,7442035944,Karen Thompson,Thompson Solo Practice,IL,Dermatology,Unverified,Left Practice,0.437,1.0,review_identity_or_status,invalid_npi|invalid_phone|expired_license|stale_verification|verification_status_risk|identity_or_active_status_change
PRV000506,7742393543,Mary Wilson,Wilson Solo Practice,VA,Gastroenterology,Stale,Retired,0.969,1.0,review_identity_or_status,invalid_npi|missing_address|expired_license|stale_verification|verification_status_risk|identity_or_active_status_change
PRV000519,6604142643,Robert Garcia,Garcia Telehealth,NC,Optometry,Stale,Accepting Status Changed,0.761,1.0,review_identity_or_status,invalid_npi|invalid_phone|missing_address|expired_license|stale_verification|verification_status_risk|field_change_flag
PRV000523,2418325276,Sarah Garcia,Garcia Solo Practice,TX,Oncology,Stale,Retired,0.816,1.0,review_identity_or_status,invalid_npi|invalid_phone|expired_license|stale_verification|verification_status_risk|identity_or_active_status_change
PRV000531,6535243779,Elizabeth Moore,Moore Urgent Care,CA,Pulmonology,Stale,Retired,0.529,1.0,review_identity_or_status,invalid_npi|invalid_phone|expired_license|stale_verification|verification_status_risk|identity_or_active_status_change
PRV000623,8011557694,Michael Wilson,Wilson Specialty Clinic,MA,Pediatrics,Needs Review,Left Practice,0.96,1.0,review_identity_or_status,invalid_npi|invalid_phone|expired_license|stale_verification|verification_status_risk|identity_or_active_status_change
PRV000676,9076444904,Fatima Clark,Clark Telehealth,TN,Neurology,Needs Review,Retired,0.932,1.0,review_identity_or_status,invalid_npi|invalid_phone|expired_license|stale_verification|verification_status_risk|identity_or_active_status_change
PRV000826,3887071360,Linda Smith,Smith Urgent Care,MO,Dentistry,Unverified,Retired,0.649,1.0,review_identity_or_status,invalid_npi|invalid_phone|expired_license|stale_verification|verification_status_risk|identity_or_active_status_change
PRV000899,3353336941,Fatima Thomas,Thomas Urgent Care,MI,Cardiology,Needs Review,Retired,0.583,1.0,review_identity_or_status,invalid_npi|invalid_phone|expired_license|stale_verification|verification_status_risk|identity_or_active_status_change
PRV001033,7670392749,Robert Martin,Martin Telehealth,PA,Optometry,Unverified,Left Practice,0.558,1.0,review_identity_or_status,invalid_npi|invalid_phone|expired_license|stale_verification|verification_status_risk|identity_or_active_status_change
PRV001092,9682481729,Carlos Jones,Jones Hospital-Based,AZ,Cardiology,Stale,Left Practice,0.758,1.0,review_identity_or_status,invalid_npi|invalid_phone|expired_license|stale_verification|verification_status_risk|identity_or_active_status_change
PRV001213,5520298135,Charles Smith,Smith Solo Practice,FL,Dermatology,Unverified,Retired,0.953,1.0,review_identity_or_status,invalid_npi|missing_address|expired_license|stale_verification|verification_status_risk|identity_or_active_status_change
PRV001519,2363483452,Susan Jones,Jones Telehealth,TX,Psychiatry,Unverified,Left Practice,0.759,1.0,review_identity_or_status,invalid_npi|missing_address|expired_license|stale_verification|verification_status_risk|identity_or_active_status_change
PRV001686,6368924452,William Jones,Jones Telehealth,FL,Cardiology,Unverified,Left Practice,0.643,1.0,review_identity_or_status,invalid_npi|invalid_phone|expired_license|stale_verification|verification_status_risk|identity_or_active_status_change
PRV001981,2307853185,Yuki Lee,Lee FQHC,WA,Endocrinology,Stale,Left Practice,0.969,1.0,review_identity_or_status,invalid_npi|invalid_phone|expired_license|stale_verification|verification_status_risk|identity_or_active_status_change
PRV002112,1245658088,John Jackson,Jackson Telehealth,AZ,Cardiology,Stale,Retired,0.384,1.0,review_identity_or_status,invalid_npi|invalid_phone|expired_license|stale_verification|verification_status_risk|identity_or_active_status_change
PRV002164,1776269732,Mei Jackson,Jackson Solo Practice,NC,Emergency Medicine,Needs Review,Specialty Changed,0.376,1.0,review_identity_or_status,invalid_npi|invalid_phone|missing_address|expired_license|stale_verification|verification_status_risk|field_change_flag
PRV002197,5352360573,Michael Lewis,Lewis Specialty Clinic,MO,Cardiology,Unverified,Retired,0.489,1.0,review_identity_or_status,invalid_npi|invalid_phone|expired_license|stale_verification|verification_status_risk|identity_or_active_status_change
PRV002239,5488348681,Karen Kim,Kim Specialty Clinic,IL,Physical Therapy,Stale,Left Practice,0.542,1.0,review_identity_or_status,invalid_npi|invalid_phone|expired_license|stale_verification|verification_status_risk|identity_or_active_status_change
PRV002249,9236727281,Charles Thompson,Thompson Group Practice,PA,Emergency Medicine,Needs Review,Left Practice,0.891,1.0,review_identity_or_status,invalid_npi|missing_address|expired_license|stale_verification|verification_status_risk|identity_or_active_status_change
PRV002440,4994215123,Elizabeth Harris,Harris Specialty Clinic,NC,Urology,Needs Review,Retired,0.749,1.0,review_identity_or_status,invalid_npi|invalid_phone|expired_license|stale_verification|verification_status_risk|identity_or_active_status_change
PRV002442,9503438821,William Rodriguez,Rodriguez Urgent Care,MA,OB-GYN,Stale,Retired,0.301,1.0,review_identity_or_status,invalid_npi|invalid_phone|expired_license|stale_verification|verification_status_risk|identity_or_active_status_change
PRV002460,2929791598,Fatima Nguyen,Nguyen Solo Practice,PA,Optometry,Unverified,Left Practice,0.547,1.0,review_identity_or_status,invalid_npi|missing_address|expired_license|stale_verification|verification_status_risk|identity_or_active_status_change
PRV002555,342305952,Patricia Miller,Miller Urgent Care,CA,Physical Therapy,Stale,Specialty Changed,0.836,1.0,review_identity_or_status,invalid_npi|invalid_phone|missing_address|expired_license|stale_verification|verification_status_risk|field_change_flag
PRV002618,4322113715,Aisha Chen,Chen Hospital-Based,IN,Dentistry,Needs Review,Left Practice,0.92,1.0,review_identity_or_status,invalid_npi|invalid_phone|expired_license|stale_verification|verification_status_risk|identity_or_active_status_change
PRV002619,559958341,John Brown,Brown Group Practice,FL,Dentistry,Needs Review,Left Practice,0.924,1.0,review_identity_or_status,invalid_npi|invalid_phone|expired_license|stale_verification|verification_status_risk|identity_or_active_status_change
PRV002623,9503442566,Patricia Jones,Jones Specialty Clinic,VA,Rheumatology,Stale,Retired,0.498,1.0,review_identity_or_status,invalid_npi|invalid_phone|expired_license|stale_verification|verification_status_risk|identity_or_active_status_change
PRV002631,4665596982,Barbara Garcia,Garcia Urgent Care,MI,General Surgery,Stale,Accepting Status Changed,0.918,1.0,review_identity_or_status,invalid_npi|invalid_phone|missing_address|expired_license|stale_verification|verification_status_risk|field_change_flag
PRV002635,2012214218,Thomas Wilson,Wilson Urgent Care,NC,Pathology,Stale,Left Practice,0.583,1.0,review_identity_or_status,invalid_npi|invalid_phone|expired_license|stale_verification|verification_status_risk|identity_or_active_status_change
PRV002651,7922630977,Elizabeth Davis,Davis FQHC,TX,Rheumatology,Stale,Retired,0.979,1.0,review_identity_or_status,invalid_npi|invalid_phone|expired_license|stale_verification|verification_status_risk|identity_or_active_status_change
PRV002676,6685102158,Mary Robinson,Robinson FQHC,OH,Physical Therapy,Needs Review,Left Practice,0.933,1.0,review_identity_or_status,invalid_npi|invalid_phone|expired_license|stale_verification|verification_status_risk|identity_or_active_status_change
PRV002759,4145257832,William Walker,Walker Solo Practice,GA,Family Medicine,Stale,Retired,0.849,1.0,review_identity_or_status,invalid_npi|invalid_phone|expired_license|stale_verification|verification_status_risk|identity_or_active_status_change
PRV002908,609109727,Richard Clark,Clark Hospital-Based,NC,Radiology,Stale,Left Practice,0.927,1.0,review_identity_or_status,invalid_npi|invalid_phone|expired_license|stale_verification|verification_status_risk|identity_or_active_status_change
PRV002984,8934535178,Mary Walker,Walker Telehealth,NC,OB-GYN,Needs Review,Retired,0.499,1.0,review_identity_or_status,invalid_npi|invalid_phone|expired_license|stale_verification|verification_status_risk|identity_or_active_status_change
PRV003041,9513482724,Priya Rodriguez,Rodriguez Solo Practice,WI,Physical Therapy,Unverified,Left Practice,0.342,1.0,review_identity_or_status,invalid_npi|invalid_phone|expired_license|stale_verification|verification_status_risk|identity_or_active_status_change
PRV003127,7892747618,Barbara Smith,Smith Specialty Clinic,GA,Pathology,Stale,Left Practice,0.461,1.0,review_identity_or_status,invalid_npi|invalid_phone|expired_license|stale_verification|verification_status_risk|identity_or_active_status_change
PRV003149,2388838885,Karen Nguyen,Nguyen Specialty Clinic,PA,Orthopedics,Needs Review,Retired,0.493,1.0,review_identity_or_status,invalid_npi|invalid_phone|expired_license|stale_verification|verification_status_risk|identity_or_active_status_change
PRV003199,627853663,Jessica Wilson,Wilson Group Practice,MI,General Surgery,Needs Review,Left Practice,0.618,1.0,review_identity_or_status,invalid_npi|invalid_phone|expired_license|stale_verification|verification_status_risk|identity_or_active_status_change
PRV003260,8239945992,Michael Thompson,Thompson Hospital-Based,MO,Pulmonology,Stale,Retired,0.388,1.0,review_identity_or_status,invalid_npi|invalid_phone|expired_license|stale_verification|verification_status_risk|identity_or_active_status_change
PRV003288,7032700589,Yuki Jackson,Jackson Telehealth,VA,Anesthesiology,Needs Review,Retired,0.542,1.0,review_identity_or_status,invalid_npi|invalid_phone|expired_license|stale_verification|verification_status_risk|identity_or_active_status_change
PRV003331,4153691968,Charles Nguyen,Nguyen Solo Practice,CA,Cardiology,Unverified,Left Practice,0.663,1.0,review_identity_or_status,invalid_npi|invalid_phone|expired_license|stale_verification|verification_status_risk|identity_or_active_status_change
PRV003450,7878964400,Carlos Rodriguez,Rodriguez Specialty Clinic,WI,Physical Therapy,Needs Review,Left Practice,0.616,1.0,review_identity_or_status,invalid_npi|invalid_phone|expired_license|stale_verification|verification_status_risk|identity_or_active_status_change
PRV003460,4584638838,Mary Thompson,Thompson Specialty Clinic,VA,Neurology,Unverified,Left Practice,0.507,1.0,review_identity_or_status,invalid_npi|invalid_phone|expired_license|stale_verification|verification_status_risk|identity_or_active_status_change
PRV003495,9207558349,David Smith,Smith Specialty Clinic,OH,Psychiatry,Needs Review,Left Practice,0.928,1.0,review_identity_or_status,invalid_npi|missing_address|expired_license|stale_verification|verification_status_risk|identity_or_active_status_change
PRV003518,3924981825,Olga Lewis,Lewis Telehealth,WA,Psychiatry,Stale,Retired,0.762,1.0,review_identity_or_status,invalid_npi|invalid_phone|expired_license|stale_verification|verification_status_risk|identity_or_active_status_change
PRV003614,4765501682,Liam Brown,Brown Telehealth,IL,Neurology,Unverified,Address Changed,0.839,1.0,review_identity_or_status,invalid_npi|invalid_phone|missing_address|expired_license|stale_verification|verification_status_risk|field_change_flag
PRV003696,2941047623,Charles Patel,Patel Group Practice,IL,Internal Medicine,Needs Review,Accepting Status Changed,0.5,1.0,review_identity_or_status,invalid_npi|invalid_phone|missing_address|expired_license|stale_verification|verification_status_risk|field_change_flag
PRV003843,6797206377,Susan Harris,Harris Urgent Care,TX,Neurology,Needs Review,Left Practice,0.968,1.0,review_identity_or_status,invalid_npi|invalid_phone|expired_license|stale_verification|verification_status_risk|identity_or_active_status_change
PRV003913,1192809621,Aisha Lee,Lee Solo Practice,IN,Pediatrics,Stale,Left Practice,0.929,1.0,review_identity_or_status,invalid_npi|invalid_phone|expired_license|stale_verification|verification_status_risk|identity_or_active_status_change
PRV004013,1088732697,Wei Wilson,Wilson Group Practice,IL,Gastroenterology,Unverified,Left Practice,0.326,1.0,review_identity_or_status,invalid_npi|invalid_phone|expired_license|stale_verification|verification_status_risk|identity_or_active_status_change
PRV004091,6702458854,Liam Kim,Kim Group Practice,IL,Pediatrics,Unverified,Left Practice,0.623,1.0,review_identity_or_status,invalid_npi|invalid_phone|expired_license|stale_verification|verification_status_risk|identity_or_active_status_change
PRV004337,7883955767,David Clark,Clark Hospital-Based,WI,General Surgery,Stale,Left Practice,0.699,1.0,review_identity_or_status,invalid_npi|missing_address|expired_license|stale_verification|verification_status_risk|identity_or_active_status_change
PRV004416,2825778868,Carlos Smith,Smith Hospital-Based,WA,Pulmonology,Unverified,Left Practice,0.392,1.0,review_identity_or_status,invalid_npi|invalid_phone|expired_license|stale_verification|verification_status_risk|identity_or_active_status_change
PRV004438,9859347037,Elizabeth Williams,Williams Telehealth,CA,Family Medicine,Stale,Retired,0.61,1.0,review_identity_or_status,invalid_npi|invalid_phone|expired_license|stale_verification|verification_status_risk|identity_or_active_status_change
PRV004439,9723334010,Yuki Johnson,Johnson Telehealth,PA,Pulmonology,Unverified,Left Practice,0.785,1.0,review_identity_or_status,invalid_npi|invalid_phone|expired_license|stale_verification|verification_status_risk|identity_or_active_status_change
PRV004744,6841840796,Charles Anderson,Anderson Specialty Clinic,MD,General Surgery,Stale,Left Practice,0.548,1.0,review_identity_or_status,invalid_npi|invalid_phone|expired_license|stale_verification|verification_status_risk|identity_or_active_status_change
PRV004768,8184183182,Ahmed Lewis,Lewis Solo Practice,IN,Internal Medicine,Needs Review,Left Practice,0.962,1.0,review_identity_or_status,invalid_npi|invalid_phone|expired_license|stale_verification|verification_status_risk|identity_or_active_status_change
PRV004885,1066458901,Aisha Brown,Brown Urgent Care,IN,General Surgery,Unverified,Left Practice,0.651,1.0,review_identity_or_status,invalid_npi|invalid_phone|expired_license|stale_verification|verification_status_risk|identity_or_active_status_change
PRV004961,9557446634,Jennifer Jackson,Jackson Urgent Care,GA,General Surgery,Needs Review,Retired,0.5,1.0,review_identity_or_status,invalid_npi|missing_address|expired_license|stale_verification|verification_status_risk|identity_or_active_status_change
PRV005067,423236946,Richard Williams,Williams Solo Practice,MI,Pathology,Needs Review,Left Practice,0.491,1.0,review_identity_or_status,invalid_npi|invalid_phone|expired_license|stale_verification|verification_status_risk|identity_or_active_status_change
PRV005124,559315350,William Walker,Walker Hospital-Based,TX,Internal Medicine,Stale,Left Practice,0.551,1.0,review_identity_or_status,invalid_npi|missing_address|expired_license|stale_verification|verification_status_risk|identity_or_active_status_change
PRV005272,8023675759,Michael Nguyen,Nguyen Solo Practice,NC,Ophthalmology,Stale,Accepting Status Changed,0.946,1.0,review_identity_or_status,invalid_npi|invalid_phone|missing_address|expired_license|stale_verification|verification_status_risk|field_change_flag
PRV005328,3217075166,Mary Patel,Patel Specialty Clinic,CA,Gastroenterology,Stale,Left Practice,0.847,1.0,review_identity_or_status,invalid_npi|invalid_phone|expired_license|stale_verification|verification_status_risk|identity_or_active_status_change
PRV005335,2542663141,Susan Kim,Kim Specialty Clinic,NJ,Internal Medicine,Unverified,Retired,0.981,1.0,review_identity_or_status,invalid_npi|invalid_phone|expired_license|stale_verification|verification_status_risk|identity_or_active_status_change
PRV005390,8884820784,Ahmed Patel,Patel Telehealth,IN,Dentistry,Unverified,Retired,0.431,1.0,review_identity_or_status,invalid_npi|invalid_phone|expired_license|stale_verification|verification_status_risk|identity_or_active_status_change
PRV005417,8473593895,Charles Chen,Chen Telehealth,IN,Radiology,Stale,Retired,0.541,1.0,review_identity_or_status,invalid_npi|invalid_phone|expired_license|stale_verification|verification_status_risk|identity_or_active_status_change
PRV005438,5452270153,Jessica Thomas,Thomas Urgent Care,CA,Anesthesiology,Needs Review,Left Practice,0.956,1.0,review_identity_or_status,invalid_npi|invalid_phone|expired_license|stale_verification|verification_status_risk|identity_or_active_status_change
PRV005457,1734356046,Yuki Miller,Miller FQHC,OH,Radiology,Stale,Retired,0.897,1.0,review_identity_or_status,invalid_npi|invalid_phone|expired_license|stale_verification|verification_status_risk|identity_or_active_status_change
PRV005529,5662720939,Olga Thomas,Thomas Group Practice,IL,Dentistry,Unverified,Retired,0.572,1.0,review_identity_or_status,invalid_npi|invalid_phone|expired_license|stale_verification|verification_status_risk|identity_or_active_status_change
PRV005544,5763859800,Elizabeth Anderson,Anderson Hospital-Based,MO,Optometry,Unverified,Address Changed,0.857,1.0,review_identity_or_status,invalid_npi|invalid_phone|missing_address|expired_license|stale_verification|verification_status_risk|field_change_flag
PRV005550,6660695607,Yuki Garcia,Garcia Urgent Care,OH,Neurology,Needs Review,Left Practice,0.368,1.0,review_identity_or_status,invalid_npi|missing_address|expired_license|stale_verification|verification_status_risk|identity_or_active_status_change
PRV005761,4050174517,William Miller,Miller FQHC,MO,Pulmonology,Needs Review,Left Practice,0.994,1.0,review_identity_or_status,invalid_npi|missing_address|expired_license|stale_verification|verification_status_risk|identity_or_active_status_change
PRV005950,88533194,Barbara Jackson,Jackson Group Practice,PA,Orthopedics,Needs Review,Address Changed,0.834,1.0,review_identity_or_status,invalid_npi|invalid_phone|missing_address|expired_license|stale_verification|verification_status_risk|field_change_flag
PRV006116,8784574362,Karen Miller,Miller Urgent Care,IL,Pathology,Unverified,Left Practice,0.316,1.0,review_identity_or_status,invalid_npi|invalid_phone|expired_license|stale_verification|verification_status_risk|identity_or_active_status_change
PRV006160,9514510250,Mary Taylor,Taylor Group Practice,CA,Anesthesiology,Unverified,Specialty Changed,0.363,1.0,review_identity_or_status,invalid_npi|invalid_phone|missing_address|expired_license|stale_verification|verification_status_risk|field_change_flag
PRV006184,3485840498,Liam Robinson,Robinson Hospital-Based,IN,Urology,Stale,Retired,0.383,1.0,review_identity_or_status,invalid_npi|invalid_phone|expired_license|stale_verification|verification_status_risk|identity_or_active_status_change
PRV006446,3227818587,Fatima Nguyen,Nguyen Group Practice,TX,Family Medicine,Unverified,Retired,0.953,1.0,review_identity_or_status,invalid_npi|invalid_phone|expired_license|stale_verification|verification_status_risk|identity_or_active_status_change
PRV006453,3813835822,Jennifer Clark,Clark Group Practice,TX,Gastroenterology,Stale,Left Practice,0.592,1.0,review_identity_or_status,invalid_npi|invalid_phone|expired_license|stale_verification|verification_status_risk|identity_or_active_status_change
PRV006463,9773558362,Karen Williams,Williams Solo Practice,MD,General Surgery,Pending,Retired,0.621,1.0,review_identity_or_status,invalid_npi|invalid_phone|missing_address|expired_license|stale_verification|identity_or_active_status_change
PRV006556,3765874900,Joseph Johnson,Johnson Hospital-Based,WI,Anesthesiology,Unverified,Retired,0.7,1.0,review_identity_or_status,invalid_npi|invalid_phone|expired_license|stale_verification|verification_status_risk|identity_or_active_status_change
PRV006609,6734446998,Carlos Moore,Moore Telehealth,WA,Oncology,Unverified,Retired,0.709,1.0,review_identity_or_status,invalid_npi|invalid_phone|expired_license|stale_verification|verification_status_risk|identity_or_active_status_change
PRV006613,4778320467,Mary Chen,Chen Urgent Care,VA,Urology,Needs Review,Retired,0.663,1.0,review_identity_or_status,invalid_npi|invalid_phone|expired_license|stale_verification|verification_status_risk|identity_or_active_status_change
PRV007010,8126682338,Joseph Johnson,Johnson FQHC,CA,Orthopedics,Stale,Retired,0.841,1.0,review_identity_or_status,invalid_npi|missing_address|expired_license|stale_verification|verification_status_risk|identity_or_active_status_change
PRV007123,7901128886,Aisha Davis,Davis FQHC,CA,Internal Medicine,Unverified,Left Practice,0.608,1.0,review_identity_or_status,invalid_npi|invalid_phone|expired_license|stale_verification|verification_status_risk|identity_or_active_status_change
PRV007168,2829672506,Robert Lewis,Lewis Group Practice,IN,General Surgery,Unverified,Left Practice,0.728,1.0,review_identity_or_status,invalid_npi|invalid_phone|expired_license|stale_verification|verification_status_risk|identity_or_active_status_change
PRV007222,6818660342,Wei Williams,Williams FQHC,IL,Gastroenterology,Needs Review,Left Practice,0.696,1.0,review_identity_or_status,invalid_npi|invalid_phone|expired_license|stale_verification|verification_status_risk|identity_or_active_status_change
PRV007416,9470801547,Fatima Walker,Walker Telehealth,PA,OB-GYN,Unverified,Left Practice,0.69,1.0,review_identity_or_status,invalid_npi|invalid_phone|expired_license|stale_verification|verification_status_risk|identity_or_active_status_change
PRV007888,4874050384,Fatima Jackson,Jackson Urgent Care,MI,Ophthalmology,Stale,Retired,0.722,1.0,review_identity_or_status,invalid_npi|missing_address|expired_license|stale_verification|verification_status_risk|identity_or_active_status_change
PRV007988,9150842023,James Williams,Williams Hospital-Based,MA,Dermatology,Stale,Left Practice,0.865,1.0,review_identity_or_status,invalid_npi|invalid_phone|expired_license|stale_verification|verification_status_risk|identity_or_active_status_change
PRV007995,7791752054,Robert Lewis,Lewis Urgent Care,WA,Radiology,Needs Review,Left Practice,0.379,1.0,review_identity_or_status,invalid_npi|missing_address|expired_license|stale_verification|verification_status_risk|identity_or_active_status_change
PRV008099,816662405,Aisha Davis,Davis FQHC,TN,Anesthesiology,Needs Review,Retired,0.834,1.0,review_identity_or_status,invalid_npi|invalid_phone|expired_license|stale_verification|verification_status_risk|identity_or_active_status_change
PRV008164,5779159505,Yuki Taylor,Taylor FQHC,FL,Urology,Pending,Retired,0.472,1.0,review_identity_or_status,invalid_npi|invalid_phone|missing_address|expired_license|stale_verification|identity_or_active_status_change
PRV008228,3064470754,Susan Kim,Kim Group Practice,WI,Endocrinology,Needs Review,Retired,0.701,1.0,review_identity_or_status,invalid_npi|invalid_phone|expired_license|stale_verification|verification_status_risk|identity_or_active_status_change
PRV008347,2539222761,John Martinez,Martinez Group Practice,IN,Ophthalmology,Unverified,Left Practice,0.585,1.0,review_identity_or_status,invalid_npi|invalid_phone|expired_license|stale_verification|verification_status_risk|identity_or_active_status_change
PRV008504,3461714444,Patricia Smith,Smith FQHC,WI,Oncology,Unverified,Retired,0.994,1.0,review_identity_or_status,invalid_npi|invalid_phone|expired_license|stale_verification|verification_status_risk|identity_or_active_status_change
PRV008619,4917334240,Charles Jackson,Jackson Telehealth,WA,Anesthesiology,Stale,Retired,0.321,1.0,review_identity_or_status,invalid_npi|invalid_phone|expired_license|stale_verification|verification_status_risk|identity_or_active_status_change
PRV008665,6810337024,Priya Lewis,Lewis Hospital-Based,NC,Pathology,Needs Review,Retired,0.93,1.0,review_identity_or_status,invalid_npi|invalid_phone|expired_license|stale_verification|verification_status_risk|identity_or_active_status_change
PRV008755,7061206535,Jessica Williams,Williams Urgent Care,GA,Pediatrics,Needs Review,Left Practice,0.505,1.0,review_identity_or_status,invalid_npi|invalid_phone|expired_license|stale_verification|verification_status_risk|identity_or_active_status_change
PRV008766,1626831019,Joseph Rodriguez,Rodriguez FQHC,MI,Endocrinology,Stale,Retired,0.508,1.0,review_identity_or_status,invalid_npi|invalid_phone|expired_license|stale_verification|verification_status_risk|identity_or_active_status_change
PRV008768,8189602813,Wei Brown,Brown Hospital-Based,CA,Dermatology,Stale,Retired,0.971,1.0,review_identity_or_status,invalid_npi|invalid_phone|expired_license|stale_verification|verification_status_risk|identity_or_active_status_change
PRV009298,4906781144,Wei Brown,Brown Urgent Care,NJ,Physical Therapy,Needs Review,Retired,0.378,1.0,review_identity_or_status,invalid_npi|invalid_phone|expired_license|stale_verification|verification_status_risk|identity_or_active_status_change
PRV009590,5374272121,Michael Chen,Chen Telehealth,MO,Dentistry,Needs Review,Left Practice,0.641,1.0,review_identity_or_status,invalid_npi|missing_address|expired_license|stale_verification|verification_status_risk|identity_or_active_status_change
PRV009623,2445903275,Jessica Rodriguez,Rodriguez FQHC,NY,Psychiatry,Stale,Phone Changed,0.352,1.0,review_identity_or_status,invalid_npi|invalid_phone|missing_address|expired_license|stale_verification|verification_status_risk|field_change_flag
PRV009718,7992659456,Richard Harris,Harris Telehealth,WI,Neurology,Needs Review,Left Practice,0.357,1.0,review_identity_or_status,invalid_npi|invalid_phone|expired_license|stale_verification|verification_status_risk|identity_or_active_status_change
PRV009759,6619380970,Yuki Martin,Martin Solo Practice,MO,Psychiatry,Unverified,Left Practice,0.938,1.0,review_identity_or_status,invalid_npi|invalid_phone|expired_license|stale_verification|verification_status_risk|identity_or_active_status_change
PRV009808,7150972311,Patricia Jones,Jones Solo Practice,NY,Oncology,Unverified,Left Practice,0.507,1.0,review_identity_or_status,invalid_npi|invalid_phone|expired_license|stale_verification|verification_status_risk|identity_or_active_status_change
PRV009812,6382986075,Thomas White,White Urgent Care,NJ,Dermatology,Needs Review,Retired,0.725,1.0,review_identity_or_status,invalid_npi|invalid_phone|expired_license|stale_verification|verification_status_risk|identity_or_active_status_change
PRV009849,9364871641,Olga Smith,Smith Solo Practice,IN,Nephrology,Needs Review,Retired,0.581,1.0,review_identity_or_status,invalid_npi|invalid_phone|missing_address|expired_license|stale_verification|verification_status_risk|identity_or_active_status_change
PRV009926,6929649604,Mary Smith,Smith Solo Practice,AZ,Optometry,Stale,Left Practice,0.343,1.0,review_identity_or_status,invalid_npi|invalid_phone|expired_license|stale_verification|verification_status_risk|identity_or_active_status_change
PRV010090,8644274240,Ahmed Miller,Miller Solo Practice,WI,Oncology,Needs Review,Retired,0.42,1.0,review_identity_or_status,invalid_npi|missing_address|expired_license|stale_verification|verification_status_risk|identity_or_active_status_change
PRV010289,1642716361,Elizabeth Lewis,Lewis Urgent Care,NY,Pulmonology,Unverified,Accepting Status Changed,0.463,1.0,review_identity_or_status,invalid_npi|invalid_phone|missing_address|expired_license|stale_verification|verification_status_risk|field_change_flag
PRV010381,8442627343,Robert Thomas,Thomas Group Practice,MA,Optometry,Stale,Retired,0.388,1.0,review_identity_or_status,invalid_npi|invalid_phone|expired_license|stale_verification|verification_status_risk|identity_or_active_status_change
PRV010756,9940191952,Yuki Miller,Miller Hospital-Based,NY,Rheumatology,Needs Review,Retired,0.42,1.0,review_identity_or_status,invalid_npi|missing_address|expired_license|stale_verification|verification_status_risk|identity_or_active_status_change
PRV010786,9309034402,Patricia Wilson,Wilson Solo Practice,MO,Neurology,Stale,Left Practice,0.817,1.0,review_identity_or_status,invalid_npi|invalid_phone|expired_license|stale_verification|verification_status_risk|identity_or_active_status_change
PRV010792,7168712790,Joseph Garcia,Garcia Group Practice,MD,Anesthesiology,Stale,Retired,0.885,1.0,review_identity_or_status,invalid_npi|invalid_phone|expired_license|stale_verification|verification_status_risk|identity_or_active_status_change
PRV010862,9080179908,Charles Anderson,Anderson FQHC,NJ,Dermatology,Stale,Retired,0.43,1.0,review_identity_or_status,invalid_npi|invalid_phone|expired_license|stale_verification|verification_status_risk|identity_or_active_status_change
PRV010923,519704193,John Rodriguez,Rodriguez Group Practice,MA,Dentistry,Stale,Retired,0.705,1.0,review_identity_or_status,invalid_npi|missing_address|expired_license|stale_verification|verification_status_risk|identity_or_active_status_change
PRV010948,4619871853,John Anderson,Anderson Hospital-Based,GA,Dentistry,Needs Review,Retired,0.614,1.0,review_identity_or_status,invalid_npi|invalid_phone|expired_license|stale_verification|verification_status_risk|identity_or_active_status_change
PRV011111,5952969152,John Anderson,Anderson Group Practice,TN,General Surgery,Unverified,Left Practice,0.687,1.0,review_identity_or_status,invalid_npi|invalid_phone|expired_license|stale_verification|verification_status_risk|identity_or_active_status_change
PRV011165,877081079,Liam Hall,Hall Specialty Clinic,VA,Neurology,Stale,Retired,0.833,1.0,review_identity_or_status,invalid_npi|invalid_phone|expired_license|stale_verification|verification_status_risk|identity_or_active_status_change
PRV011333,6192482475,Sarah Robinson,Robinson Solo Practice,MO,Internal Medicine,Needs Review,Retired,0.458,1.0,review_identity_or_status,invalid_npi|missing_address|expired_license|stale_verification|verification_status_risk|identity_or_active_status_change
PRV011337,9761416456,Patricia Garcia,Garcia FQHC,MO,Internal Medicine,Unverified,Left Practice,0.929,1.0,review_identity_or_status,invalid_npi|invalid_phone|expired_license|stale_verification|verification_status_risk|identity_or_active_status_change
PRV011343,2418881359,Susan Johnson,Johnson FQHC,TX,Dermatology,Stale,Left Practice,0.506,1.0,review_identity_or_status,invalid_npi|invalid_phone|expired_license|stale_verification|verification_status_risk|identity_or_active_status_change
PRV011359,6460475311,Barbara Clark,Clark Solo Practice,WA,Radiology,Unverified,Left Practice,0.902,1.0,review_identity_or_status,invalid_npi|missing_address|expired_license|stale_verification|verification_status_risk|identity_or_active_status_change
PRV011563,216425408,Carlos Smith,Smith Solo Practice,TX,Neurology,Stale,Left Practice,0.682,1.0,review_identity_or_status,invalid_npi|invalid_phone|expired_license|stale_verification|verification_status_risk|identity_or_active_status_change
PRV011568,96883013,William Robinson,Robinson FQHC,GA,Pathology,Stale,Retired,0.904,1.0,review_identity_or_status,invalid_npi|invalid_phone|expired_license|stale_verification|verification_status_risk|identity_or_active_status_change
PRV011598,75681751,Mei Williams,Williams Solo Practice,NJ,Emergency Medicine,Unverified,Left Practice,0.626,1.0,review_identity_or_status,invalid_npi|invalid_phone|expired_license|stale_verification|verification_status_risk|identity_or_active_status_change
PRV011625,9424712530,William Jones,Jones Urgent Care,PA,OB-GYN,Needs Review,Retired,0.671,1.0,review_identity_or_status,invalid_npi|invalid_phone|expired_license|stale_verification|verification_status_risk|identity_or_active_status_change
PRV011841,5480288929,Sarah Miller,Miller Group Practice,GA,Internal Medicine,Needs Review,Retired,0.783,1.0,review_identity_or_status,invalid_npi|invalid_phone|expired_license|stale_verification|verification_status_risk|identity_or_active_status_change
PRV011985,7143686326,Sarah Robinson,Robinson Specialty Clinic,WA,Anesthesiology,Unverified,Retired,0.564,1.0,review_identity_or_status,invalid_npi|invalid_phone|expired_license|stale_verification|verification_status_risk|identity_or_active_status_change
PRV012092,1693540278,Thomas Robinson,Robinson FQHC,NJ,Dentistry,Unverified,Left Practice,0.321,1.0,review_identity_or_status,invalid_npi|invalid_phone|expired_license|stale_verification|verification_status_risk|identity_or_active_status_change
PRV012398,390339559,Wei Garcia,Garcia FQHC,WA,Pathology,Needs Review,Retired,0.379,1.0,review_identity_or_status,invalid_npi|missing_address|expired_license|stale_verification|verification_status_risk|identity_or_active_status_change
PRV012471,4610841469,James Walker,Walker Telehealth,WI,Gastroenterology,Needs Review,Retired,0.39,1.0,review_identity_or_status,invalid_npi|missing_address|expired_license|stale_verification|verification_status_risk|identity_or_active_status_change
PRV012482,232200949,William Taylor,Taylor Hospital-Based,VA,Oncology,Needs Review,Retired,0.512,1.0,review_identity_or_status,invalid_npi|invalid_phone|expired_license|stale_verification|verification_status_risk|identity_or_active_status_change
PRV012485,1511568664,David Lee,Lee Specialty Clinic,MI,Optometry,Unverified,Left Practice,0.679,1.0,review_identity_or_status,invalid_npi|missing_address|expired_license|stale_verification|verification_status_risk|identity_or_active_status_change
PRV012534,2927585936,John Johnson,Johnson Group Practice,MD,Rheumatology,Needs Review,Left Practice,0.607,1.0,review_identity_or_status,invalid_npi|missing_address|expired_license|stale_verification|verification_status_risk|identity_or_active_status_change
PRV012553,9453414253,Richard Smith,Smith Group Practice,IL,Anesthesiology,Stale,Left Practice,0.691,1.0,review_identity_or_status,invalid_npi|invalid_phone|expired_license|stale_verification|verification_status_risk|identity_or_active_status_change
PRV012587,803732292,William Davis,Davis Specialty Clinic,MO,Oncology,Stale,Left Practice,0.304,1.0,review_identity_or_status,invalid_npi|invalid_phone|missing_address|stale_verification|verification_status_risk|identity_or_active_status_change
PRV012715,4064187185,Priya Harris,Harris Hospital-Based,OH,Orthopedics,Needs Review,Left Practice,0.808,1.0,review_identity_or_status,invalid_npi|invalid_phone|expired_license|stale_verification|verification_status_risk|identity_or_active_status_change
PRV012733,5812121776,John Robinson,Robinson FQHC,TX,Endocrinology,Needs Review,Retired,0.548,1.0,review_identity_or_status,invalid_npi|invalid_phone|expired_license|stale_verification|verification_status_risk|identity_or_active_status_change
PRV012752,1696980463,Thomas Thomas,Thomas Hospital-Based,GA,Orthopedics,Unverified,Retired,0.734,1.0,review_identity_or_status,invalid_npi|invalid_phone|expired_license|stale_verification|verification_status_risk|identity_or_active_status_change
PRV012932,3885096258,Richard Garcia,Garcia Hospital-Based,TN,Emergency Medicine,Needs Review,Left Practice,0.776,1.0,review_identity_or_status,invalid_npi|invalid_phone|expired_license|stale_verification|verification_status_risk|identity_or_active_status_change
PRV013014,1760712820,David Wilson,Wilson Urgent Care,NC,General Surgery,Needs Review,Left Practice,0.805,1.0,review_identity_or_status,invalid_npi|invalid_phone|expired_license|stale_verification|verification_status_risk|identity_or_active_status_change
PRV013127,6114591112,Richard Garcia,Garcia Specialty Clinic,MI,Internal Medicine,Unverified,Retired,0.82,1.0,review_identity_or_status,invalid_npi|invalid_phone|expired_license|stale_verification|verification_status_risk|identity_or_active_status_change
PRV013284,1447670363,Karen Jones,Jones Group Practice,GA,Anesthesiology,Stale,Retired,0.693,1.0,review_identity_or_status,invalid_npi|invalid_phone|expired_license|stale_verification|verification_status_risk|identity_or_active_status_change
PRV013308,8243732470,Liam Garcia,Garcia Group Practice,NJ,Pulmonology,Stale,Left Practice,0.308,1.0,review_identity_or_status,invalid_npi|invalid_phone|expired_license|stale_verification|verification_status_risk|identity_or_active_status_change
PRV013637,3139832415,Karen Brown,Brown Specialty Clinic,TN,Gastroenterology,Stale,Left Practice,0.339,1.0,review_identity_or_status,invalid_npi|invalid_phone|expired_license|stale_verification|verification_status_risk|identity_or_active_status_change
PRV013741,8854929112,Linda Moore,Moore Solo Practice,MI,Nephrology,Unverified,Left Practice,0.614,1.0,review_identity_or_status,invalid_npi|invalid_phone|expired_license|stale_verification|verification_status_risk|identity_or_active_status_change
PRV013844,8248902295,Wei Williams,Williams Telehealth,AZ,Rheumatology,Stale,Left Practice,0.683,1.0,review_identity_or_status,invalid_npi|invalid_phone|expired_license|stale_verification|verification_status_risk|identity_or_active_status_change
PRV013895,6098362898,Karen Taylor,Taylor Urgent Care,NY,Physical Therapy,Stale,Retired,0.591,1.0,review_identity_or_status,invalid_npi|invalid_phone|expired_license|stale_verification|verification_status_risk|identity_or_active_status_change
PRV014088,5168955599,Richard Anderson,Anderson Urgent Care,IL,Radiology,Unverified,Left Practice,0.533,1.0,review_identity_or_status,invalid_npi|invalid_phone|expired_license|stale_verification|verification_status_risk|identity_or_active_status_change
PRV014148,4737009997,Carlos Smith,Smith Solo Practice,MA,Gastroenterology,Unverified,Left Practice,0.335,1.0,review_identity_or_status,invalid_npi|missing_address|expired_license|stale_verification|verification_status_risk|identity_or_active_status_change
PRV014177,2204399844,Yuki Taylor,Taylor Specialty Clinic,NJ,Optometry,Needs Review,Retired,0.899,1.0,review_identity_or_status,invalid_npi|invalid_phone|expired_license|stale_verification|verification_status_risk|identity_or_active_status_change
PRV014242,4473858444,Susan Brown,Brown Urgent Care,WA,Urology,Stale,Left Practice,0.933,1.0,review_identity_or_status,invalid_npi|invalid_phone|expired_license|stale_verification|verification_status_risk|identity_or_active_status_change
PRV014298,8063870871,Jessica Johnson,Johnson Telehealth,VA,Endocrinology,Needs Review,Retired,0.629,1.0,review_identity_or_status,invalid_npi|invalid_phone|expired_license|stale_verification|verification_status_risk|identity_or_active_status_change
PRV014424,7643562224,William Martinez,Martinez Urgent Care,VA,Physical Therapy,Unverified,Retired,0.863,1.0,review_identity_or_status,invalid_npi|invalid_phone|expired_license|stale_verification|verification_status_risk|identity_or_active_status_change
PRV014436,4614488933,John Jackson,Jackson Specialty Clinic,PA,Ophthalmology,Unverified,Retired,0.53,1.0,review_identity_or_status,invalid_npi|invalid_phone|expired_license|stale_verification|verification_status_risk|identity_or_active_status_change
PRV014455,8399095199,Patricia Garcia,Garcia Hospital-Based,NC,Dermatology,Needs Review,Left Practice,0.796,1.0,review_identity_or_status,invalid_npi|invalid_phone|expired_license|stale_verification|verification_status_risk|identity_or_active_status_change
PRV014615,3426724188,William Martin,Martin Specialty Clinic,AZ,Optometry,Stale,Left Practice,0.933,1.0,review_identity_or_status,invalid_npi|missing_address|expired_license|stale_verification|verification_status_risk|identity_or_active_status_change
PRV014699,1449272052,Michael Patel,Patel Solo Practice,NC,Dentistry,Needs Review,Retired,0.635,1.0,review_identity_or_status,invalid_npi|invalid_phone|expired_license|stale_verification|verification_status_risk|identity_or_active_status_change
PRV014766,7175065974,Joseph Smith,Smith Telehealth,TN,Cardiology,Stale,Retired,0.468,1.0,review_identity_or_status,invalid_npi|missing_address|expired_license|stale_verification|verification_status_risk|identity_or_active_status_change
PRV014918,9455365324,Yuki Hall,Hall Specialty Clinic,VA,Rheumatology,Unverified,Retired,0.738,1.0,review_identity_or_status,invalid_npi|invalid_phone|expired_license|stale_verification|verification_status_risk|identity_or_active_status_change
PRV015004,7845985595,Michael Clark,Clark Hospital-Based,OH,Nephrology,Needs Review,Left Practice,0.416,1.0,review_identity_or_status,invalid_npi|invalid_phone|expired_license|stale_verification|verification_status_risk|identity_or_active_status_change
PRV015076,6060522191,Charles Jackson,Jackson FQHC,IN,Pathology,Stale,Left Practice,0.344,1.0,review_identity_or_status,invalid_npi|invalid_phone|expired_license|stale_verification|verification_status_risk|identity_or_active_status_change
PRV015185,1051105853,Mei Jackson,Jackson Telehealth,WI,Emergency Medicine,Unverified,Retired,0.818,1.0,review_identity_or_status,invalid_npi|missing_address|expired_license|stale_verification|verification_status_risk|identity_or_active_status_change
PRV015284,9593716680,Susan Harris,Harris Solo Practice,NY,Anesthesiology,Stale,Retired,0.894,1.0,review_identity_or_status,invalid_npi|invalid_phone|expired_license|stale_verification|verification_status_risk|identity_or_active_status_change
PRV015299,9148273542,Robert Thompson,Thompson Telehealth,VA,Neurology,Needs Review,Left Practice,0.668,1.0,review_identity_or_status,invalid_npi|invalid_phone|expired_license|stale_verification|verification_status_risk|identity_or_active_status_change
PRV015335,7323589788,Wei Wilson,Wilson Specialty Clinic,CA,OB-GYN,Unverified,Left Practice,0.436,1.0,review_identity_or_status,invalid_npi|missing_address|expired_license|stale_verification|verification_status_risk|identity_or_active_status_change
PRV015709,3625292845,Richard Lewis,Lewis Urgent Care,TN,Psychiatry,Stale,Left Practice,0.58,1.0,review_identity_or_status,invalid_npi|invalid_phone|expired_license|stale_verification|verification_status_risk|identity_or_active_status_change
PRV015731,5078960191,John Walker,Walker FQHC,MO,Nephrology,Unverified,Retired,0.586,1.0,review_identity_or_status,invalid_npi|invalid_phone|expired_license|stale_verification|verification_status_risk|identity_or_active_status_change
PRV015735,5422266237,Wei Martin,Martin Solo Practice,TX,Radiology,Stale,Address Changed,0.666,1.0,review_identity_or_status,invalid_npi|invalid_phone|missing_address|expired_license|stale_verification|verification_status_risk|field_change_flag
PRV015782,8334246962,Barbara Kim,Kim Group Practice,GA,Gastroenterology,Needs Review,Left Practice,0.883,1.0,review_identity_or_status,invalid_npi|invalid_phone|expired_license|stale_verification|verification_status_risk|identity_or_active_status_change
PRV015983,6774400328,Carlos Nguyen,Nguyen Hospital-Based,MA,Gastroenterology,Needs Review,Retired,0.739,1.0,review_identity_or_status,invalid_npi|invalid_phone|expired_license|stale_verification|verification_status_risk|identity_or_active_status_change
PRV016064,1211078779,Joseph Davis,Davis Urgent Care,IL,Radiology,Needs Review,Left Practice,0.449,1.0,review_identity_or_status,invalid_npi|invalid_phone|expired_license|stale_verification|verification_status_risk|identity_or_active_status_change
PRV016255,7430109724,Liam Brown,Brown Urgent Care,TN,OB-GYN,Pending,Retired,0.891,1.0,review_identity_or_status,invalid_npi|invalid_phone|missing_address|expired_license|stale_verification|identity_or_active_status_change
PRV016275,7100488657,Robert Martin,Martin Hospital-Based,NC,Urology,Needs Review,Left Practice,0.352,1.0,review_identity_or_status,invalid_npi|invalid_phone|expired_license|stale_verification|verification_status_risk|identity_or_active_status_change
PRV016395,5833293458,Patricia Davis,Davis Hospital-Based,NJ,Internal Medicine,Stale,Left Practice,0.932,1.0,review_identity_or_status,invalid_npi|invalid_phone|expired_license|stale_verification|verification_status_risk|identity_or_active_status_change
PRV016517,3866901859,Mary White,White Group Practice,MO,Dentistry,Unverified,Retired,0.669,1.0,review_identity_or_status,invalid_npi|invalid_phone|expired_license|stale_verification|verification_status_risk|identity_or_active_status_change
PRV016521,936747494,Linda Wilson,Wilson FQHC,VA,Anesthesiology,Unverified,Address Changed,0.999,1.0,review_identity_or_status,invalid_npi|invalid_phone|missing_address|expired_license|stale_verification|verification_status_risk|field_change_flag
PRV016563,27138647,Richard Johnson,Johnson Urgent Care,GA,Radiology,Needs Review,Left Practice,0.409,1.0,review_identity_or_status,invalid_npi|invalid_phone|expired_license|stale_verification|verification_status_risk|identity_or_active_status_change
PRV016587,9343484681,William Thompson,Thompson Specialty Clinic,NY,Urology,Unverified,Retired,0.701,1.0,review_identity_or_status,invalid_npi|invalid_phone|expired_license|stale_verification|verification_status_risk|identity_or_active_status_change
PRV016652,4362651621,Jennifer Harris,Harris Solo Practice,WA,Pediatrics,Unverified,Retired,0.582,1.0,review_identity_or_status,invalid_npi|invalid_phone|expired_license|stale_verification|verification_status_risk|identity_or_active_status_change
PRV016666,2106167203,Mary Lewis,Lewis Telehealth,MA,Ophthalmology,Stale,Retired,0.743,1.0,review_identity_or_status,invalid_npi|invalid_phone|expired_license|stale_verification|verification_status_risk|identity_or_active_status_change
PRV016716,8220199724,Elizabeth Rodriguez,Rodriguez Hospital-Based,WI,Neurology,Stale,Specialty Changed,0.812,1.0,review_identity_or_status,invalid_npi|invalid_phone|missing_address|expired_license|stale_verification|verification_status_risk|field_change_flag
PRV016748,8272275062,Karen Martinez,Martinez Telehealth,NC,Physical Therapy,Needs Review,Left Practice,0.953,1.0,review_identity_or_status,invalid_npi|invalid_phone|expired_license|stale_verification|verification_status_risk|identity_or_active_status_change
PRV016863,3781845304,Barbara Kim,Kim FQHC,MI,Dentistry,Unverified,Left Practice,0.504,1.0,review_identity_or_status,invalid_npi|missing_address|expired_license|stale_verification|verification_status_risk|identity_or_active_status_change
PRV016955,4951622531,Carlos Williams,Williams Urgent Care,TX,Gastroenterology,Stale,Retired,0.759,1.0,review_identity_or_status,invalid_npi|invalid_phone|expired_license|stale_verification|verification_status_risk|identity_or_active_status_change
PRV016960,4101333303,Linda Martinez,Martinez Telehealth,NY,Family Medicine,Needs Review,Left Practice,0.903,1.0,review_identity_or_status,invalid_npi|invalid_phone|missing_address|expired_license|stale_verification|verification_status_risk|identity_or_active_status_change
PRV017195,6007198055,Charles Harris,Harris Solo Practice,GA,Nephrology,Needs Review,Accepting Status Changed,0.644,1.0,review_identity_or_status,invalid_npi|invalid_phone|missing_address|expired_license|stale_verification|verification_status_risk|field_change_flag
PRV017231,9511730326,Michael Davis,Davis Telehealth,NC,Anesthesiology,Needs Review,Left Practice,0.53,1.0,review_identity_or_status,invalid_npi|missing_address|expired_license|stale_verification|verification_status_risk|identity_or_active_status_change
PRV017297,9649468081,Olga Harris,Harris Telehealth,CA,Internal Medicine,Needs Review,Left Practice,0.911,1.0,review_identity_or_status,invalid_npi|missing_address|expired_license|stale_verification|verification_status_risk|identity_or_active_status_change
PRV017531,3984833082,James Nguyen,Nguyen Group Practice,FL,Dermatology,Stale,Left Practice,0.784,1.0,review_identity_or_status,invalid_npi|invalid_phone|expired_license|stale_verification|verification_status_risk|identity_or_active_status_change
PRV017619,7682304751,John Wilson,Wilson Solo Practice,CA,Pulmonology,Stale,Retired,0.845,1.0,review_identity_or_status,invalid_npi|invalid_phone|expired_license|stale_verification|verification_status_risk|identity_or_active_status_change
PRV017642,537865079,Mei White,White Specialty Clinic,PA,Urology,Unverified,Left Practice,0.829,1.0,review_identity_or_status,invalid_npi|invalid_phone|expired_license|stale_verification|verification_status_risk|identity_or_active_status_change
PRV017836,3554994302,Carlos Smith,Smith Hospital-Based,IN,Radiology,Stale,Left Practice,0.522,1.0,review_identity_or_status,invalid_npi|invalid_phone|expired_license|stale_verification|verification_status_risk|identity_or_active_status_change
PRV017854,3471237090,Joseph Wilson,Wilson Urgent Care,NY,OB-GYN,Needs Review,Retired,0.405,1.0,review_identity_or_status,invalid_npi|invalid_phone|expired_license|stale_verification|verification_status_risk|identity_or_active_status_change
PRV017910,185077561,Susan Hall,Hall Group Practice,IN,Pulmonology,Needs Review,Retired,0.824,1.0,review_identity_or_status,invalid_npi|invalid_phone|expired_license|stale_verification|verification_status_risk|identity_or_active_status_change
PRV018007,4822495570,Priya Johnson,Johnson Telehealth,MA,Pathology,Stale,Retired,0.736,1.0,review_identity_or_status,invalid_npi|invalid_phone|expired_license|stale_verification|verification_status_risk|identity_or_active_status_change
PRV018030,3020018434,William Lewis,Lewis Urgent Care,NJ,Pathology,Needs Review,Retired,0.882,1.0,review_identity_or_status,invalid_npi|invalid_phone|expired_license|stale_verification|verification_status_risk|identity_or_active_status_change
PRV018148,7318085765,Linda Hall,Hall Solo Practice,GA,Urology,Needs Review,Phone Changed,0.645,1.0,review_identity_or_status,invalid_npi|invalid_phone|missing_address|expired_license|stale_verification|verification_status_risk|field_change_flag
PRV018208,9811410851,David Garcia,Garcia Hospital-Based,NJ,Radiology,Unverified,Left Practice,0.8,1.0,review_identity_or_status,invalid_npi|missing_address|expired_license|stale_verification|verification_status_risk|identity_or_active_status_change
PRV018259,4267025756,John White,White Telehealth,NC,Pediatrics,Unverified,Left Practice,0.515,1.0,review_identity_or_status,invalid_npi|invalid_phone|expired_license|stale_verification|verification_status_risk|identity_or_active_status_change
PRV018421,7238866145,Fatima Davis,Davis Hospital-Based,PA,Family Medicine,Unverified,Left Practice,0.661,1.0,review_identity_or_status,invalid_npi|invalid_phone|expired_license|stale_verification|verification_status_risk|identity_or_active_status_change
PRV018494,4074859696,Mary Martinez,Martinez Hospital-Based,VA,Emergency Medicine,Needs Review,Left Practice,0.889,1.0,review_identity_or_status,invalid_npi|invalid_phone|expired_license|stale_verification|verification_status_risk|identity_or_active_status_change
PRV018539,2972244340,Barbara Davis,Davis Solo Practice,MO,Orthopedics,Verified,Left Practice,0.412,1.0,review_identity_or_status,invalid_npi|invalid_phone|missing_address|expired_license|stale_verification|identity_or_active_status_change
PRV018559,1704614366,Fatima Johnson,Johnson Hospital-Based,IL,Oncology,Unverified,Left Practice,0.676,1.0,review_identity_or_status,invalid_npi|invalid_phone|expired_license|stale_verification|verification_status_risk|identity_or_active_status_change
PRV018612,5182465995,Fatima Lewis,Lewis Group Practice,MD,Orthopedics,Unverified,Left Practice,0.581,1.0,review_identity_or_status,invalid_npi|invalid_phone|expired_license|stale_verification|verification_status_risk|identity_or_active_status_change
PRV018903,4708128681,Linda Patel,Patel Telehealth,CA,Endocrinology,Needs Review,Left Practice,0.509,1.0,review_identity_or_status,invalid_npi|invalid_phone|expired_license|stale_verification|verification_status_risk|identity_or_active_status_change
PRV018962,760827140,Aisha Chen,Chen FQHC,NJ,Endocrinology,Needs Review,Left Practice,0.481,1.0,review_identity_or_status,invalid_npi|invalid_phone|expired_license|stale_verification|verification_status_risk|identity_or_active_status_change
PRV019178,5023941695,Carlos Thompson,Thompson Hospital-Based,NC,Pulmonology,Unverified,Left Practice,0.55,1.0,review_identity_or_status,invalid_npi|missing_address|expired_license|stale_verification|verification_status_risk|identity_or_active_status_change
PRV019212,818169092,Fatima Moore,Moore Telehealth,IN,OB-GYN,Stale,Retired,0.976,1.0,review_identity_or_status,invalid_npi|invalid_phone|expired_license|stale_verification|verification_status_risk|identity_or_active_status_change
PRV019221,3231194133,Wei Davis,Davis Solo Practice,WI,Physical Therapy,Stale,Retired,0.731,1.0,review_identity_or_status,invalid_npi|missing_address|expired_license|stale_verification|verification_status_risk|identity_or_active_status_change
PRV019283,6452395222,Karen Moore,Moore Telehealth,WI,Radiology,Stale,Left Practice,0.58,1.0,review_identity_or_status,invalid_npi|invalid_phone|expired_license|stale_verification|verification_status_risk|identity_or_active_status_change
PRV019302,1331202067,Linda Walker,Walker Solo Practice,MA,Rheumatology,Unverified,Retired,0.877,1.0,review_identity_or_status,invalid_npi|invalid_phone|expired_license|stale_verification|verification_status_risk|identity_or_active_status_change
PRV019313,462769029,Susan Patel,Patel Group Practice,FL,Ophthalmology,Unverified,Retired,0.884,1.0,review_identity_or_status,invalid_npi|invalid_phone|expired_license|stale_verification|verification_status_risk|identity_or_active_status_change
PRV019361,3540870126,Richard Wilson,Wilson Urgent Care,IL,Rheumatology,Stale,Left Practice,0.4,1.0,review_identity_or_status,invalid_npi|invalid_phone|expired_license|stale_verification|verification_status_risk|identity_or_active_status_change
PRV019476,1779880544,Robert Martin,Martin Group Practice,TX,Dermatology,Stale,Retired,0.507,1.0,review_identity_or_status,invalid_npi|missing_address|expired_license|stale_verification|verification_status_risk|identity_or_active_status_change
PRV019490,6669114580,Jessica Patel,Patel Telehealth,FL,General Surgery,Stale,Retired,0.993,1.0,review_identity_or_status,invalid_npi|invalid_phone|expired_license|stale_verification|verification_status_risk|identity_or_active_status_change
PRV019538,3787461254,David Johnson,Johnson Telehealth,MO,Urology,Needs Review,Left Practice,0.498,1.0,review_identity_or_status,invalid_npi|missing_address|expired_license|stale_verification|verification_status_risk|identity_or_active_status_change
PRV019556,8372986129,Karen Walker,Walker Urgent Care,MO,OB-GYN,Unverified,Left Practice,0.834,1.0,review_identity_or_status,invalid_npi|invalid_phone|expired_license|stale_verification|verification_status_risk|identity_or_active_status_change
PRV019668,299918013,James Thompson,Thompson Hospital-Based,WI,Internal Medicine,Stale,Retired,0.97,1.0,review_identity_or_status,invalid_npi|invalid_phone|expired_license|stale_verification|verification_status_risk|identity_or_active_status_change
PRV019704,1891453483,James Kim,Kim Telehealth,FL,Optometry,Stale,Retired,0.539,1.0,review_identity_or_status,invalid_npi|invalid_phone|expired_license|stale_verification|verification_status_risk|identity_or_active_status_change
PRV019901,9253638450,David Walker,Walker Specialty Clinic,CA,Neurology,Needs Review,Retired,0.6,1.0,review_identity_or_status,invalid_npi|invalid_phone|expired_license|stale_verification|verification_status_risk|identity_or_active_status_change
PRV019916,8468734449,Karen Patel,Patel Group Practice,FL,Cardiology,Stale,Retired,0.826,1.0,review_identity_or_status,invalid_npi|invalid_phone|expired_license|stale_verification|verification_status_risk|identity_or_active_status_change
PRV019962,8628023352,Fatima Chen,Chen Specialty Clinic,AZ,Nephrology,Needs Review,Retired,0.394,1.0,review_identity_or_status,invalid_npi|missing_address|expired_license|stale_verification|verification_status_risk|identity_or_active_status_change
PRV020179,1122228511,William Clark,Clark Telehealth,IN,Anesthesiology,Unverified,Retired,0.512,1.0,review_identity_or_status,invalid_npi|invalid_phone|expired_license|stale_verification|verification_status_risk|identity_or_active_status_change
PRV020425,6949346645,Ahmed Chen,Chen Urgent Care,MD,Dentistry,Stale,Retired,0.578,1.0,review_identity_or_status,invalid_npi|missing_address|expired_license|stale_verification|verification_status_risk|identity_or_active_status_change
PRV020634,9960032342,Elizabeth Brown,Brown Telehealth,MA,Family Medicine,Stale,Retired,0.57,1.0,review_identity_or_status,invalid_npi|invalid_phone|expired_license|stale_verification|verification_status_risk|identity_or_active_status_change
PRV020728,8835409105,Susan Williams,Williams Solo Practice,OH,Pathology,Stale,Left Practice,0.758,1.0,review_identity_or_status,invalid_npi|invalid_phone|expired_license|stale_verification|verification_status_risk|identity_or_active_status_change
PRV020813,6077874369,Fatima Smith,Smith Solo Practice,OH,Family Medicine,Stale,Left Practice,0.596,1.0,review_identity_or_status,invalid_npi|invalid_phone|missing_address|expired_license|stale_verification|verification_status_risk|identity_or_active_status_change
PRV020911,262009281,James Miller,Miller Solo Practice,MD,Internal Medicine,Verified,Retired,0.774,1.0,review_identity_or_status,invalid_npi|invalid_phone|missing_address|expired_license|stale_verification|identity_or_active_status_change
PRV020975,9620796444,Thomas Walker,Walker Solo Practice,OH,Dermatology,Unverified,Retired,0.96,1.0,review_identity_or_status,invalid_npi|missing_address|expired_license|stale_verification|verification_status_risk|identity_or_active_status_change
PRV021003,267154831,Priya Thompson,Thompson Telehealth,AZ,Oncology,Needs Review,Retired,0.33,1.0,review_identity_or_status,invalid_npi|invalid_phone|expired_license|stale_verification|verification_status_risk|identity_or_active_status_change
PRV021020,4692539071,Olga Harris,Harris Specialty Clinic,IN,Pathology,Stale,Retired,0.819,1.0,review_identity_or_status,invalid_npi|invalid_phone|expired_license|stale_verification|verification_status_risk|identity_or_active_status_change
PRV021059,6841043534,Mary Jackson,Jackson FQHC,IN,Urology,Stale,Retired,0.474,1.0,review_identity_or_status,invalid_npi|invalid_phone|expired_license|stale_verification|verification_status_risk|identity_or_active_status_change
PRV021308,8821838979,Robert Walker,Walker Group Practice,MO,Neurology,Unverified,Left Practice,0.372,1.0,review_identity_or_status,invalid_npi|invalid_phone|expired_license|stale_verification|verification_status_risk|identity_or_active_status_change
PRV021316,2791639230,Fatima Jackson,Jackson FQHC,GA,Emergency Medicine,Unverified,Left Practice,0.702,1.0,review_identity_or_status,invalid_npi|invalid_phone|expired_license|stale_verification|verification_status_risk|identity_or_active_status_change
PRV021426,5301068921,Barbara Thompson,Thompson Urgent Care,AZ,Dermatology,Needs Review,Left Practice,0.454,1.0,review_identity_or_status,invalid_npi|missing_address|expired_license|stale_verification|verification_status_risk|identity_or_active_status_change
PRV021461,3957778858,David Walker,Walker FQHC,MD,Physical Therapy,Stale,Retired,0.49,1.0,review_identity_or_status,invalid_npi|invalid_phone|expired_license|stale_verification|verification_status_risk|identity_or_active_status_change
PRV021523,4798241546,Mary Lewis,Lewis FQHC,PA,OB-GYN,Stale,Left Practice,0.946,1.0,review_identity_or_status,invalid_npi|invalid_phone|expired_license|stale_verification|verification_status_risk|identity_or_active_status_change
PRV021540,2672302642,Yuki White,White Solo Practice,NC,Family Medicine,Unverified,Retired,0.704,1.0,review_identity_or_status,invalid_npi|invalid_phone|expired_license|stale_verification|verification_status_risk|identity_or_active_status_change
PRV021667,1613169482,William Davis,Davis Urgent Care,NY,OB-GYN,Stale,Left Practice,0.4,1.0,review_identity_or_status,invalid_npi|invalid_phone|expired_license|stale_verification|verification_status_risk|identity_or_active_status_change
PRV021981,394943643,Joseph Thomas,Thomas Specialty Clinic,TN,Dermatology,Needs Review,Left Practice,0.453,1.0,review_identity_or_status,invalid_npi|invalid_phone|expired_license|stale_verification|verification_status_risk|identity_or_active_status_change
PRV022036,7970669482,Mei Garcia,Garcia Group Practice,NC,Cardiology,Unverified,Left Practice,0.564,1.0,review_identity_or_status,invalid_npi|invalid_phone|expired_license|stale_verification|verification_status_risk|identity_or_active_status_change
PRV022039,7643508800,Yuki Anderson,Anderson Urgent Care,TX,Radiology,Unverified,Retired,0.654,1.0,review_identity_or_status,invalid_npi|invalid_phone|expired_license|stale_verification|verification_status_risk|identity_or_active_status_change
PRV022250,3838616296,Sarah Davis,Davis FQHC,MI,Rheumatology,Stale,Left Practice,0.384,1.0,review_identity_or_status,invalid_npi|invalid_phone|expired_license|stale_verification|verification_status_risk|identity_or_active_status_change
PRV022297,7559575449,Karen Jackson,Jackson Telehealth,AZ,Neurology,Unverified,Left Practice,0.65,1.0,review_identity_or_status,invalid_npi|invalid_phone|expired_license|stale_verification|verification_status_risk|identity_or_active_status_change
PRV022306,6450881666,Richard Smith,Smith Solo Practice,CA,Nephrology,Unverified,Address Changed,0.815,1.0,review_identity_or_status,invalid_npi|invalid_phone|missing_address|expired_license|stale_verification|verification_status_risk|field_change_flag
PRV022323,1978119583,Joseph Martinez,Martinez FQHC,PA,OB-GYN,Stale,Retired,0.444,1.0,review_identity_or_status,invalid_npi|missing_address|expired_license|stale_verification|verification_status_risk|identity_or_active_status_change
PRV022363,3945125369,Linda Davis,Davis FQHC,PA,Emergency Medicine,Stale,Left Practice,0.426,1.0,review_identity_or_status,invalid_npi|invalid_phone|expired_license|stale_verification|verification_status_risk|identity_or_active_status_change
PRV022586,71645221,Patricia Brown,Brown FQHC,MA,Orthopedics,Unverified,Retired,0.304,1.0,review_identity_or_status,invalid_npi|invalid_phone|expired_license|stale_verification|verification_status_risk|identity_or_active_status_change
PRV022660,2033415501,Sarah Clark,Clark FQHC,AZ,Psychiatry,Needs Review,Retired,0.814,1.0,review_identity_or_status,invalid_npi|missing_address|expired_license|stale_verification|verification_status_risk|identity_or_active_status_change
PRV022703,118771230,Carlos White,White Solo Practice,NC,OB-GYN,Stale,Retired,0.306,1.0,review_identity_or_status,invalid_npi|invalid_phone|expired_license|stale_verification|verification_status_risk|identity_or_active_status_change
PRV022789,3602409649,Jessica Garcia,Garcia Specialty Clinic,WI,Dermatology,Stale,Left Practice,0.885,1.0,review_identity_or_status,invalid_npi|invalid_phone|expired_license|stale_verification|verification_status_risk|identity_or_active_status_change
PRV022861,1691226485,Jessica Garcia,Garcia Telehealth,OH,Nephrology,Needs Review,Left Practice,0.957,1.0,review_identity_or_status,invalid_npi|missing_address|expired_license|stale_verification|verification_status_risk|identity_or_active_status_change
PRV023184,3276506933,Ahmed Anderson,Anderson Group Practice,NY,Cardiology,Stale,Retired,0.382,1.0,review_identity_or_status,invalid_npi|invalid_phone|expired_license|stale_verification|verification_status_risk|identity_or_active_status_change
PRV023210,9529631867,Fatima Williams,Williams FQHC,TX,Cardiology,Unverified,Retired,0.937,1.0,review_identity_or_status,invalid_npi|missing_address|expired_license|stale_verification|verification_status_risk|identity_or_active_status_change
PRV023276,2521281679,William Thompson,Thompson FQHC,AZ,Radiology,Needs Review,Left Practice,0.937,1.0,review_identity_or_status,invalid_npi|invalid_phone|expired_license|stale_verification|verification_status_risk|identity_or_active_status_change
PRV023301,7390490751,Priya Wilson,Wilson Hospital-Based,MO,Pediatrics,Needs Review,Retired,0.409,1.0,review_identity_or_status,invalid_npi|invalid_phone|expired_license|stale_verification|verification_status_risk|identity_or_active_status_change
PRV023404,7778787104,Robert Jones,Jones FQHC,MA,Optometry,Stale,Address Changed,0.943,1.0,review_identity_or_status,invalid_npi|invalid_phone|missing_address|expired_license|stale_verification|verification_status_risk|field_change_flag
PRV023484,266572785,Patricia Patel,Patel Telehealth,VA,Gastroenterology,Unverified,Retired,0.487,1.0,review_identity_or_status,invalid_npi|invalid_phone|expired_license|stale_verification|verification_status_risk|identity_or_active_status_change
PRV023529,7994846622,Yuki Jones,Jones Telehealth,TN,Oncology,Stale,Retired,0.372,1.0,review_identity_or_status,invalid_npi|invalid_phone|expired_license|stale_verification|verification_status_risk|identity_or_active_status_change
PRV023799,7415787597,Robert Jackson,Jackson Specialty Clinic,GA,Emergency Medicine,Unverified,Left Practice,0.628,1.0,review_identity_or_status,invalid_npi|invalid_phone|expired_license|stale_verification|verification_status_risk|identity_or_active_status_change
PRV023819,9290668340,Karen Lewis,Lewis Group Practice,NY,Oncology,Stale,Left Practice,0.988,1.0,review_identity_or_status,invalid_npi|invalid_phone|expired_license|stale_verification|verification_status_risk|identity_or_active_status_change
PRV024042,674646083,Mary Chen,Chen FQHC,NJ,Internal Medicine,Stale,Retired,0.544,1.0,review_identity_or_status,invalid_npi|invalid_phone|missing_address|expired_license|stale_verification|verification_status_risk|identity_or_active_status_change
PRV024389,4940285994,Jessica Chen,Chen Urgent Care,NJ,Endocrinology,Stale,Left Practice,0.406,1.0,review_identity_or_status,invalid_npi|invalid_phone|expired_license|stale_verification|verification_status_risk|identity_or_active_status_change
PRV024408,2964946424,David Kim,Kim Hospital-Based,WA,Endocrinology,Stale,Retired,0.686,1.0,review_identity_or_status,invalid_npi|invalid_phone|expired_license|stale_verification|verification_status_risk|identity_or_active_status_change
PRV024470,4029999583,Linda Jackson,Jackson Specialty Clinic,WA,OB-GYN,Needs Review,Left Practice,0.722,1.0,review_identity_or_status,invalid_npi|invalid_phone|expired_license|stale_verification|verification_status_risk|identity_or_active_status_change
PRV024538,6574563074,Michael Taylor,Taylor Solo Practice,VA,Rheumatology,Stale,Retired,0.944,1.0,review_identity_or_status,invalid_npi|invalid_phone|expired_license|stale_verification|verification_status_risk|identity_or_active_status_change
PRV024562,4794203498,Joseph Brown,Brown Hospital-Based,MO,Urology,Needs Review,Retired,0.443,1.0,review_identity_or_status,invalid_npi|invalid_phone|expired_license|stale_verification|verification_status_risk|identity_or_active_status_change
PRV024670,5465412278,Barbara Williams,Williams Telehealth,AZ,Ophthalmology,Unverified,Retired,0.35,1.0,review_identity_or_status,invalid_npi|invalid_phone|expired_license|stale_verification|verification_status_risk|identity_or_active_status_change
PRV024684,9640126911,William Robinson,Robinson Specialty Clinic,OH,Pediatrics,Unverified,Left Practice,0.904,1.0,review_identity_or_status,invalid_npi|missing_address|expired_license|stale_verification|verification_status_risk|identity_or_active_status_change
PRV024776,1256023982,Michael Clark,Clark Solo Practice,GA,Internal Medicine,Stale,Left Practice,0.517,1.0,review_identity_or_status,invalid_npi|invalid_phone|expired_license|stale_verification|verification_status_risk|identity_or_active_status_change
PRV024963,7241225670,Liam Jackson,Jackson Urgent Care,WA,Urology,Stale,Retired,0.654,1.0,review_identity_or_status,invalid_npi|invalid_phone|expired_license|stale_verification|verification_status_risk|identity_or_active_status_change
PRV025010,7485604190,Mei Kim,Kim Telehealth,TX,Radiology,Unverified,Left Practice,0.856,1.0,review_identity_or_status,invalid_npi|invalid_phone|expired_license|stale_verification|verification_status_risk|identity_or_active_status_change
PRV025017,6222470370,Joseph Martinez,Martinez FQHC,MI,Gastroenterology,Unverified,Left Practice,0.505,1.0,review_identity_or_status,invalid_npi|missing_address|expired_license|stale_verification|verification_status_risk|identity_or_active_status_change
PRV025094,3789286693,Wei Patel,Patel Specialty Clinic,OH,Family Medicine,Needs Review,Left Practice,0.798,1.0,review_identity_or_status,invalid_npi|missing_address|expired_license|stale_verification|verification_status_risk|identity_or_active_status_change
PRV025108,7120955726,William White,White Hospital-Based,WA,Anesthesiology,Unverified,Left Practice,0.575,1.0,review_identity_or_status,invalid_npi|invalid_phone|expired_license|stale_verification|verification_status_risk|identity_or_active_status_change
PRV025264,6729724648,Mei Jones,Jones Solo Practice,GA,Ophthalmology,Stale,Left Practice,0.571,1.0,review_identity_or_status,invalid_npi|invalid_phone|expired_license|stale_verification|verification_status_risk|identity_or_active_status_change
PRV025465,7239868486,Wei Harris,Harris Hospital-Based,IL,Psychiatry,Needs Review,Left Practice,0.89,1.0,review_identity_or_status,invalid_npi|invalid_phone|expired_license|stale_verification|verification_status_risk|identity_or_active_status_change
PRV025617,788752645,Elizabeth Wilson,Wilson Hospital-Based,FL,Oncology,Unverified,Retired,0.326,1.0,review_identity_or_status,invalid_npi|invalid_phone|expired_license|stale_verification|verification_status_risk|identity_or_active_status_change
PRV025864,4403728284,Priya Smith,Smith Hospital-Based,AZ,Rheumatology,Needs Review,Phone Changed,0.675,1.0,review_identity_or_status,invalid_npi|invalid_phone|missing_address|expired_license|stale_verification|verification_status_risk|field_change_flag
PRV025956,8376015593,Ahmed Harris,Harris Solo Practice,NJ,Dermatology,Unverified,Retired,0.567,1.0,review_identity_or_status,invalid_npi|invalid_phone|expired_license|stale_verification|verification_status_risk|identity_or_active_status_change
PRV026108,1272263211,Elizabeth Smith,Smith Telehealth,MI,Physical Therapy,Needs Review,Left Practice,0.573,1.0,review_identity_or_status,invalid_npi|invalid_phone|expired_license|stale_verification|verification_status_risk|identity_or_active_status_change
PRV026114,1276400657,Linda Chen,Chen Telehealth,PA,Internal Medicine,Needs Review,Left Practice,0.676,1.0,review_identity_or_status,invalid_npi|invalid_phone|expired_license|stale_verification|verification_status_risk|identity_or_active_status_change
PRV026115,1946849226,Charles Robinson,Robinson FQHC,WA,Physical Therapy,Needs Review,Retired,0.332,1.0,review_identity_or_status,invalid_npi|invalid_phone|expired_license|stale_verification|verification_status_risk|identity_or_active_status_change
PRV026187,5842587925,Robert Clark,Clark Solo Practice,NY,Emergency Medicine,Stale,Retired,0.454,1.0,review_identity_or_status,invalid_npi|missing_address|expired_license|stale_verification|verification_status_risk|identity_or_active_status_change
PRV026238,3350511844,Yuki Thomas,Thomas Solo Practice,FL,Radiology,Stale,Left Practice,0.443,1.0,review_identity_or_status,invalid_npi|invalid_phone|expired_license|stale_verification|verification_status_risk|identity_or_active_status_change
PRV026299,4555570917,Joseph Martinez,Martinez Urgent Care,NJ,Gastroenterology,Needs Review,Left Practice,0.412,1.0,review_identity_or_status,invalid_npi|invalid_phone|expired_license|stale_verification|verification_status_risk|identity_or_active_status_change
PRV026320,8317937565,Jessica Anderson,Anderson Solo Practice,MA,Dermatology,Needs Review,Retired,0.819,1.0,review_identity_or_status,invalid_npi|invalid_phone|expired_license|stale_verification|verification_status_risk|identity_or_active_status_change
PRV026554,680695670,Jessica Jones,Jones Urgent Care,VA,Nephrology,Unverified,Left Practice,0.937,1.0,review_identity_or_status,invalid_npi|invalid_phone|expired_license|stale_verification|verification_status_risk|identity_or_active_status_change
PRV026578,7685453591,Elizabeth Patel,Patel Urgent Care,MI,Emergency Medicine,Stale,Retired,0.539,1.0,review_identity_or_status,invalid_npi|missing_address|expired_license|stale_verification|verification_status_risk|identity_or_active_status_change
PRV026621,8804310501,Karen Miller,Miller Urgent Care,GA,Family Medicine,Needs Review,Retired,0.332,1.0,review_identity_or_status,invalid_npi|invalid_phone|expired_license|stale_verification|verification_status_risk|identity_or_active_status_change
PRV026679,1949011932,Yuki Brown,Brown FQHC,IL,Pulmonology,Stale,Left Practice,0.61,1.0,review_identity_or_status,invalid_npi|invalid_phone|expired_license|stale_verification|verification_status_risk|identity_or_active_status_change
PRV026697,7738412389,Richard Nguyen,Nguyen Solo Practice,WA,Dermatology,Stale,Retired,0.974,1.0,review_identity_or_status,invalid_npi|invalid_phone|expired_license|stale_verification|verification_status_risk|identity_or_active_status_change
PRV027121,3627350170,Wei Miller,Miller Hospital-Based,TN,Psychiatry,Stale,Retired,0.788,1.0,review_identity_or_status,invalid_npi|invalid_phone|expired_license|stale_verification|verification_status_risk|identity_or_active_status_change
PRV027168,4169750777,Joseph Jones,Jones Specialty Clinic,IL,Physical Therapy,Unverified,Left Practice,0.481,1.0,review_identity_or_status,invalid_npi|invalid_phone|expired_license|stale_verification|verification_status_risk|identity_or_active_status_change
PRV027234,8443717267,Jessica Garcia,Garcia Specialty Clinic,MA,Dermatology,Unverified,Retired,0.908,1.0,review_identity_or_status,invalid_npi|invalid_phone|expired_license|stale_verification|verification_status_risk|identity_or_active_status_change
PRV027365,1562375103,David Johnson,Johnson Group Practice,WI,Ophthalmology,Needs Review,Left Practice,0.847,1.0,review_identity_or_status,invalid_npi|missing_address|expired_license|stale_verification|verification_status_risk|identity_or_active_status_change
PRV027503,2482390899,William Kim,Kim Solo Practice,GA,Psychiatry,Unverified,Retired,0.336,1.0,review_identity_or_status,invalid_npi|invalid_phone|expired_license|stale_verification|verification_status_risk|identity_or_active_status_change
PRV027601,6879062164,Michael Martinez,Martinez FQHC,OH,Neurology,Needs Review,Retired,0.371,1.0,review_identity_or_status,invalid_npi|invalid_phone|expired_license|stale_verification|verification_status_risk|identity_or_active_status_change
PRV027677,1192278031,Ahmed Jones,Jones Group Practice,MI,Urology,Needs Review,Retired,0.496,1.0,review_identity_or_status,invalid_npi|invalid_phone|expired_license|stale_verification|verification_status_risk|identity_or_active_status_change
PRV027727,2569652810,David Lee,Lee Urgent Care,FL,Neurology,Stale,Retired,0.856,1.0,review_identity_or_status,invalid_npi|invalid_phone|expired_license|stale_verification|verification_status_risk|identity_or_active_status_change
PRV027841,9891827927,Elizabeth Harris,Harris Group Practice,TN,Anesthesiology,Stale,Retired,0.913,1.0,review_identity_or_status,invalid_npi|invalid_phone|expired_license|stale_verification|verification_status_risk|identity_or_active_status_change
PRV027869,5760284462,Linda Williams,Williams Group Practice,OH,Urology,Unverified,Left Practice,0.745,1.0,review_identity_or_status,invalid_npi|invalid_phone|expired_license|stale_verification|verification_status_risk|identity_or_active_status_change
PRV027923,8649869369,Fatima Robinson,Robinson Group Practice,OH,Pathology,Needs Review,Specialty Changed,0.516,1.0,review_identity_or_status,invalid_npi|invalid_phone|missing_address|expired_license|stale_verification|verification_status_risk|field_change_flag
PRV027967,7712278423,James Miller,Miller Telehealth,IL,Dermatology,Stale,Left Practice,0.917,1.0,review_identity_or_status,invalid_npi|invalid_phone|expired_license|stale_verification|verification_status_risk|identity_or_active_status_change
PRV028015,4893935371,James Taylor,Taylor FQHC,CA,Cardiology,Needs Review,Retired,0.97,1.0,review_identity_or_status,invalid_npi|invalid_phone|expired_license|stale_verification|verification_status_risk|identity_or_active_status_change
PRV028053,5676318250,Linda Anderson,Anderson Telehealth,NC,Nephrology,Unverified,Address Changed,0.827,1.0,review_identity_or_status,invalid_npi|invalid_phone|missing_address|expired_license|stale_verification|verification_status_risk|field_change_flag
PRV028069,1333894127,Sarah Smith,Smith FQHC,FL,Radiology,Unverified,Retired,0.375,1.0,review_identity_or_status,invalid_npi|missing_address|expired_license|stale_verification|verification_status_risk|identity_or_active_status_change
PRV028099,1466790117,Olga Nguyen,Nguyen Solo Practice,WI,Family Medicine,Needs Review,Left Practice,0.878,1.0,review_identity_or_status,invalid_npi|invalid_phone|expired_license|stale_verification|verification_status_risk|identity_or_active_status_change
PRV028142,9834381548,Yuki Kim,Kim Group Practice,OH,Nephrology,Unverified,Retired,0.359,1.0,review_identity_or_status,invalid_npi|missing_address|expired_license|stale_verification|verification_status_risk|identity_or_active_status_change
PRV028306,2279225571,Richard Clark,Clark Solo Practice,WI,Oncology,Unverified,Retired,0.96,1.0,review_identity_or_status,invalid_npi|missing_address|expired_license|stale_verification|verification_status_risk|identity_or_active_status_change
PRV028414,8663878793,Charles Walker,Walker Group Practice,MD,Nephrology,Unverified,Left Practice,0.877,1.0,review_identity_or_status,invalid_npi|invalid_phone|expired_license|stale_verification|verification_status_risk|identity_or_active_status_change
PRV028502,5630102527,Fatima Lee,Lee FQHC,MA,Dentistry,Needs Review,Retired,0.338,1.0,review_identity_or_status,invalid_npi|invalid_phone|expired_license|stale_verification|verification_status_risk|identity_or_active_status_change
PRV028568,4167673523,Michael White,White Specialty Clinic,MD,Pulmonology,Unverified,Retired,0.656,1.0,review_identity_or_status,invalid_npi|invalid_phone|expired_license|stale_verification|verification_status_risk|identity_or_active_status_change
PRV028688,424900001,Priya Johnson,Johnson Urgent Care,NY,Emergency Medicine,Unverified,Left Practice,0.364,1.0,review_identity_or_status,invalid_npi|invalid_phone|expired_license|stale_verification|verification_status_risk|identity_or_active_status_change
PRV028766,584675939,Fatima Walker,Walker FQHC,MA,Nephrology,Unverified,Retired,0.36,1.0,review_identity_or_status,invalid_npi|invalid_phone|expired_license|stale_verification|verification_status_risk|identity_or_active_status_change
PRV028776,9622137672,Mei Johnson,Johnson Telehealth,MD,Pathology,Stale,Left Practice,0.817,1.0,review_identity_or_status,invalid_npi|invalid_phone|expired_license|stale_verification|verification_status_risk|identity_or_active_status_change
PRV028950,1487744128,Charles Miller,Miller Solo Practice,GA,General Surgery,Needs Review,Left Practice,0.649,1.0,review_identity_or_status,invalid_npi|invalid_phone|expired_license|stale_verification|verification_status_risk|identity_or_active_status_change
PRV029074,7986010906,Jennifer Clark,Clark FQHC,IN,Ophthalmology,Unverified,Retired,0.824,1.0,review_identity_or_status,invalid_npi|invalid_phone|missing_address|expired_license|stale_verification|verification_status_risk|identity_or_active_status_change
PRV029079,1503570812,Yuki Kim,Kim FQHC,NJ,Dermatology,Unverified,Left Practice,0.347,1.0,review_identity_or_status,invalid_npi|missing_address|expired_license|stale_verification|verification_status_risk|identity_or_active_status_change
PRV029122,5316200793,Sarah Clark,Clark FQHC,MI,Cardiology,Needs Review,Retired,0.972,1.0,review_identity_or_status,invalid_npi|invalid_phone|expired_license|stale_verification|verification_status_risk|identity_or_active_status_change
PRV029151,315670140,Linda Lee,Lee Specialty Clinic,IL,Nephrology,Needs Review,Retired,0.999,1.0,review_identity_or_status,invalid_npi|missing_address|expired_license|stale_verification|verification_status_risk|identity_or_active_status_change
PRV029153,9119661078,Barbara Rodriguez,Rodriguez Specialty Clinic,IN,Neurology,Stale,Left Practice,0.829,1.0,review_identity_or_status,invalid_npi|missing_address|expired_license|stale_verification|verification_status_risk|identity_or_active_status_change
PRV029306,7363300962,Charles Thompson,Thompson Specialty Clinic,MA,Anesthesiology,Needs Review,Retired,0.506,1.0,review_identity_or_status,invalid_npi|missing_address|expired_license|stale_verification|verification_status_risk|identity_or_active_status_change
PRV029390,9670105220,Jessica Jackson,Jackson Solo Practice,MO,Nephrology,Unverified,Left Practice,0.68,1.0,review_identity_or_status,invalid_npi|invalid_phone|expired_license|stale_verification|verification_status_risk|identity_or_active_status_change
PRV029604,4985886968,Richard Moore,Moore Group Practice,CA,OB-GYN,Needs Review,Retired,0.643,1.0,review_identity_or_status,invalid_npi|invalid_phone|expired_license|stale_verification|verification_status_risk|identity_or_active_status_change
PRV029890,1674184970,Linda Moore,Moore Group Practice,TX,Emergency Medicine,Unverified,Retired,0.508,1.0,review_identity_or_status,invalid_npi|invalid_phone|expired_license|stale_verification|verification_status_risk|identity_or_active_status_change
PRV030104,4031587673,Karen Harris,Harris Urgent Care,IN,Urology,Needs Review,Retired,0.556,1.0,review_identity_or_status,invalid_npi|invalid_phone|expired_license|stale_verification|verification_status_risk|identity_or_active_status_change
PRV030192,2948842340,Fatima Rodriguez,Rodriguez Group Practice,WI,Rheumatology,Unverified,Address Changed,0.742,1.0,review_identity_or_status,invalid_npi|invalid_phone|missing_address|expired_license|stale_verification|verification_status_risk|field_change_flag
PRV030311,999572060,James Wilson,Wilson Telehealth,TX,Neurology,Stale,Retired,0.614,1.0,review_identity_or_status,invalid_npi|invalid_phone|expired_license|stale_verification|verification_status_risk|identity_or_active_status_change
PRV030404,5431988096,Ahmed Chen,Chen Urgent Care,MA,Pulmonology,Unverified,Retired,0.384,1.0,review_identity_or_status,invalid_npi|invalid_phone|expired_license|stale_verification|verification_status_risk|identity_or_active_status_change
PRV030425,1319830858,Jessica Thompson,Thompson FQHC,WA,OB-GYN,Unverified,Left Practice,0.707,1.0,review_identity_or_status,invalid_npi|invalid_phone|expired_license|stale_verification|verification_status_risk|identity_or_active_status_change
PRV030480,6404716029,Richard Miller,Miller Group Practice,MD,Physical Therapy,Stale,Left Practice,0.93,1.0,review_identity_or_status,invalid_npi|invalid_phone|expired_license|stale_verification|verification_status_risk|identity_or_active_status_change
PRV030487,9129906262,Liam Garcia,Garcia Urgent Care,GA,Internal Medicine,Verified,Left Practice,0.442,1.0,review_identity_or_status,invalid_npi|invalid_phone|missing_address|expired_license|stale_verification|identity_or_active_status_change
PRV030508,1259333714,Ahmed Kim,Kim Urgent Care,AZ,Family Medicine,Needs Review,Retired,0.679,1.0,review_identity_or_status,invalid_npi|invalid_phone|expired_license|stale_verification|verification_status_risk|identity_or_active_status_change
PRV030678,5783447653,Elizabeth Anderson,Anderson Specialty Clinic,TN,Anesthesiology,Verified,Left Practice,0.984,1.0,review_identity_or_status,invalid_npi|invalid_phone|missing_address|expired_license|stale_verification|identity_or_active_status_change
PRV030687,7455392791,David Nguyen,Nguyen Solo Practice,VA,Neurology,Needs Review,Left Practice,0.663,1.0,review_identity_or_status,invalid_npi|missing_address|expired_license|stale_verification|verification_status_risk|identity_or_active_status_change
PRV030861,8585948551,Aisha Lee,Lee FQHC,FL,Orthopedics,Unverified,Left Practice,0.86,1.0,review_identity_or_status,invalid_npi|invalid_phone|expired_license|stale_verification|verification_status_risk|identity_or_active_status_change
PRV030895,6767537972,Sarah Kim,Kim FQHC,MI,Family Medicine,Needs Review,Left Practice,0.695,1.0,review_identity_or_status,invalid_npi|invalid_phone|expired_license|stale_verification|verification_status_risk|identity_or_active_status_change
PRV031177,1654308766,Joseph Jones,Jones Group Practice,CA,OB-GYN,Needs Review,Retired,0.997,1.0,review_identity_or_status,invalid_npi|invalid_phone|expired_license|stale_verification|verification_status_risk|identity_or_active_status_change
PRV031428,9487694594,Yuki Wilson,Wilson Telehealth,CA,General Surgery,Needs Review,Retired,0.5,1.0,review_identity_or_status,invalid_npi|invalid_phone|expired_license|stale_verification|verification_status_risk|identity_or_active_status_change
PRV031475,4407537954,Michael Lee,Lee FQHC,FL,Optometry,Needs Review,Left Practice,0.873,1.0,review_identity_or_status,invalid_npi|missing_address|expired_license|stale_verification|verification_status_risk|identity_or_active_status_change
PRV031549,2321148459,John Patel,Patel Specialty Clinic,NC,Cardiology,Needs Review,Left Practice,0.988,1.0,review_identity_or_status,invalid_npi|invalid_phone|expired_license|stale_verification|verification_status_risk|identity_or_active_status_change
PRV031587,4579004974,David Lewis,Lewis Group Practice,IN,Endocrinology,Needs Review,Left Practice,0.81,1.0,review_identity_or_status,invalid_npi|invalid_phone|expired_license|stale_verification|verification_status_risk|identity_or_active_status_change
PRV031597,6781422362,Priya Martin,Martin Telehealth,MA,Orthopedics,Needs Review,Retired,0.584,1.0,review_identity_or_status,invalid_npi|missing_address|expired_license|stale_verification|verification_status_risk|identity_or_active_status_change
PRV031688,1381941565,Joseph Jones,Jones Urgent Care,TX,Cardiology,Unverified,Retired,0.861,1.0,review_identity_or_status,invalid_npi|invalid_phone|expired_license|stale_verification|verification_status_risk|identity_or_active_status_change
PRV031713,8753769417,Joseph Martinez,Martinez Urgent Care,MI,Pulmonology,Stale,Left Practice,0.823,1.0,review_identity_or_status,invalid_npi|invalid_phone|expired_license|stale_verification|verification_status_risk|identity_or_active_status_change
PRV031723,4369066261,Fatima Patel,Patel Group Practice,MA,Urology,Pending,Retired,0.546,1.0,review_identity_or_status,invalid_npi|invalid_phone|missing_address|expired_license|stale_verification|identity_or_active_status_change
PRV031784,1807386568,Sarah Thompson,Thompson Solo Practice,WA,Gastroenterology,Stale,Left Practice,0.947,1.0,review_identity_or_status,invalid_npi|invalid_phone|expired_license|stale_verification|verification_status_risk|identity_or_active_status_change
PRV031790,99715619,Carlos Lewis,Lewis Hospital-Based,MO,Nephrology,Needs Review,Left Practice,0.953,1.0,review_identity_or_status,invalid_npi|invalid_phone|expired_license|stale_verification|verification_status_risk|identity_or_active_status_change
PRV031933,2948146132,Jessica Smith,Smith Urgent Care,WI,Nephrology,Stale,Retired,0.771,1.0,review_identity_or_status,invalid_npi|missing_address|expired_license|stale_verification|verification_status_risk|identity_or_active_status_change
PRV032210,8127343851,Barbara Patel,Patel Group Practice,TX,Physical Therapy,Stale,Retired,0.641,1.0,review_identity_or_status,invalid_npi|invalid_phone|expired_license|stale_verification|verification_status_risk|identity_or_active_status_change
PRV032377,5105119344,Fatima Smith,Smith Specialty Clinic,MO,Dermatology,Unverified,Left Practice,0.619,1.0,review_identity_or_status,invalid_npi|invalid_phone|expired_license|stale_verification|verification_status_risk|identity_or_active_status_change
PRV032525,6458281574,Mary Rodriguez,Rodriguez Solo Practice,NY,OB-GYN,Stale,Retired,0.538,1.0,review_identity_or_status,invalid_npi|invalid_phone|expired_license|stale_verification|verification_status_risk|identity_or_active_status_change
PRV032537,4950012262,Patricia Martinez,Martinez FQHC,IL,Emergency Medicine,Needs Review,Left Practice,0.974,1.0,review_identity_or_status,invalid_npi|invalid_phone|expired_license|stale_verification|verification_status_risk|identity_or_active_status_change
PRV032658,7656772178,Ahmed Johnson,Johnson Solo Practice,NJ,Pulmonology,Stale,Retired,0.536,1.0,review_identity_or_status,invalid_npi|invalid_phone|expired_license|stale_verification|verification_status_risk|identity_or_active_status_change
PRV032800,2389420878,John Chen,Chen Specialty Clinic,NY,Gastroenterology,Stale,Retired,0.539,1.0,review_identity_or_status,invalid_npi|invalid_phone|expired_license|stale_verification|verification_status_risk|identity_or_active_status_change
PRV032833,9461153884,Patricia Martinez,Martinez Urgent Care,MA,Neurology,Unverified,Left Practice,0.865,1.0,review_identity_or_status,invalid_npi|invalid_phone|expired_license|stale_verification|verification_status_risk|identity_or_active_status_change
PRV032848,3070406451,John Brown,Brown Specialty Clinic,OH,OB-GYN,Needs Review,Retired,0.917,1.0,review_identity_or_status,invalid_npi|invalid_phone|expired_license|stale_verification|verification_status_risk|identity_or_active_status_change
PRV032901,8900339183,Karen Johnson,Johnson Urgent Care,MI,Nephrology,Needs Review,Retired,0.407,1.0,review_identity_or_status,invalid_npi|invalid_phone|expired_license|stale_verification|verification_status_risk|identity_or_active_status_change
PRV032936,2913902907,David Hall,Hall Urgent Care,MD,Pediatrics,Needs Review,Retired,0.986,1.0,review_identity_or_status,invalid_npi|invalid_phone|expired_license|stale_verification|verification_status_risk|identity_or_active_status_change
PRV032989,5058204721,Elizabeth Moore,Moore Specialty Clinic,MO,Pulmonology,Unverified,Retired,0.817,1.0,review_identity_or_status,invalid_npi|invalid_phone|expired_license|stale_verification|verification_status_risk|identity_or_active_status_change
PRV033064,1297525714,Richard Clark,Clark Specialty Clinic,MD,Optometry,Needs Review,Retired,0.678,1.0,review_identity_or_status,invalid_npi|invalid_phone|expired_license|stale_verification|verification_status_risk|identity_or_active_status_change
PRV033158,3761600819,Liam Harris,Harris Specialty Clinic,NY,Pediatrics,Needs Review,Retired,0.684,1.0,review_identity_or_status,invalid_npi|invalid_phone|expired_license|stale_verification|verification_status_risk|identity_or_active_status_change
PRV033168,1915232407,Liam Patel,Patel Urgent Care,IL,Pediatrics,Needs Review,Left Practice,0.614,1.0,review_identity_or_status,invalid_npi|invalid_phone|expired_license|stale_verification|verification_status_risk|identity_or_active_status_change
PRV033282,5845299526,Ahmed Rodriguez,Rodriguez Solo Practice,AZ,Neurology,Stale,Left Practice,0.853,1.0,review_identity_or_status,invalid_npi|invalid_phone|missing_address|expired_license|stale_verification|verification_status_risk|identity_or_active_status_change
PRV033442,4225479048,Richard Garcia,Garcia Specialty Clinic,AZ,General Surgery,Stale,Left Practice,0.411,1.0,review_identity_or_status,invalid_npi|invalid_phone|expired_license|stale_verification|verification_status_risk|identity_or_active_status_change
PRV033493,6663070978,John Smith,Smith Urgent Care,CA,Dermatology,Stale,Left Practice,0.686,1.0,review_identity_or_status,invalid_npi|invalid_phone|expired_license|stale_verification|verification_status_risk|identity_or_active_status_change
PRV033512,6960863891,Karen Nguyen,Nguyen FQHC,TN,Radiology,Stale,Left Practice,0.725,1.0,review_identity_or_status,invalid_npi|missing_address|expired_license|stale_verification|verification_status_risk|identity_or_active_status_change
PRV033587,227346586,Linda Harris,Harris Urgent Care,IL,Endocrinology,Needs Review,Left Practice,0.383,1.0,review_identity_or_status,invalid_npi|invalid_phone|expired_license|stale_verification|verification_status_risk|identity_or_active_status_change
PRV033656,1989697500,Fatima Martin,Martin Specialty Clinic,VA,Cardiology,Needs Review,Left Practice,0.769,1.0,review_identity_or_status,invalid_npi|invalid_phone|expired_license|stale_verification|verification_status_risk|identity_or_active_status_change
PRV033666,2131920307,Priya Wilson,Wilson Specialty Clinic,NC,Cardiology,Needs Review,Left Practice,0.538,1.0,review_identity_or_status,invalid_npi|invalid_phone|expired_license|stale_verification|verification_status_risk|identity_or_active_status_change
PRV033732,7010275175,Ahmed Lewis,Lewis Urgent Care,AZ,Oncology,Stale,Retired,0.42,1.0,review_identity_or_status,invalid_npi|invalid_phone|expired_license|stale_verification|verification_status_risk|identity_or_active_status_change
PRV033801,8943691570,Elizabeth Patel,Patel Hospital-Based,GA,Orthopedics,Stale,Retired,0.709,1.0,review_identity_or_status,invalid_npi|invalid_phone|expired_license|stale_verification|verification_status_risk|identity_or_active_status_change
PRV033811,2137073376,Patricia Chen,Chen Specialty Clinic,CA,Pulmonology,Needs Review,Retired,0.453,1.0,review_identity_or_status,invalid_npi|invalid_phone|expired_license|stale_verification|verification_status_risk|identity_or_active_status_change
PRV034038,938443844,Michael Thompson,Thompson Specialty Clinic,OH,Orthopedics,Stale,Retired,0.788,1.0,review_identity_or_status,invalid_npi|invalid_phone|expired_license|stale_verification|verification_status_risk|identity_or_active_status_change
PRV034048,3059857027,Carlos Nguyen,Nguyen FQHC,WI,Pulmonology,Needs Review,Left Practice,0.937,1.0,review_identity_or_status,invalid_npi|invalid_phone|missing_address|expired_license|stale_verification|verification_status_risk|identity_or_active_status_change
PRV034053,7770984072,Elizabeth Martinez,Martinez Telehealth,WI,Rheumatology,Unverified,Retired,0.633,1.0,review_identity_or_status,invalid_npi|invalid_phone|expired_license|stale_verification|verification_status_risk|identity_or_active_status_change
PRV034132,7443133565,William Thomas,Thomas Hospital-Based,VA,Ophthalmology,Unverified,Left Practice,0.819,1.0,review_identity_or_status,invalid_npi|invalid_phone|expired_license|stale_verification|verification_status_risk|identity_or_active_status_change
PRV034143,4563866372,Wei Thomas,Thomas Group Practice,NY,Urology,Needs Review,Retired,0.879,1.0,review_identity_or_status,invalid_npi|invalid_phone|expired_license|stale_verification|verification_status_risk|identity_or_active_status_change
PRV034227,5356422008,Joseph Anderson,Anderson Urgent Care,TN,Ophthalmology,Unverified,Retired,0.665,1.0,review_identity_or_status,invalid_npi|invalid_phone|expired_license|stale_verification|verification_status_risk|identity_or_active_status_change
PRV034390,4354315680,Yuki Lee,Lee Telehealth,FL,Cardiology,Stale,Left Practice,0.971,1.0,review_identity_or_status,invalid_npi|invalid_phone|expired_license|stale_verification|verification_status_risk|identity_or_active_status_change
PRV034545,6041953109,Charles Martin,Martin Specialty Clinic,PA,Ophthalmology,Stale,Left Practice,0.443,1.0,review_identity_or_status,invalid_npi|missing_address|expired_license|stale_verification|verification_status_risk|identity_or_active_status_change
PRV034608,6661949372,Yuki Smith,Smith Solo Practice,GA,Dentistry,Stale,Left Practice,0.686,1.0,review_identity_or_status,invalid_npi|invalid_phone|expired_license|stale_verification|verification_status_risk|identity_or_active_status_change
PRV034645,8606733807,Olga Harris,Harris Group Practice,AZ,Oncology,Stale,Left Practice,0.372,1.0,review_identity_or_status,invalid_npi|invalid_phone|expired_license|stale_verification|verification_status_risk|identity_or_active_status_change
PRV034755,219059224,Karen Lewis,Lewis Hospital-Based,PA,Radiology,Needs Review,Retired,0.671,1.0,review_identity_or_status,invalid_npi|invalid_phone|expired_license|stale_verification|verification_status_risk|identity_or_active_status_change
PRV035330,9785522697,Liam Jackson,Jackson Telehealth,NC,Endocrinology,Needs Review,Left Practice,0.502,1.0,review_identity_or_status,invalid_npi|invalid_phone|expired_license|stale_verification|verification_status_risk|identity_or_active_status_change
PRV035348,4104780367,Jennifer Thomas,Thomas Specialty Clinic,OH,Ophthalmology,Unverified,Left Practice,0.758,1.0,review_identity_or_status,invalid_npi|invalid_phone|expired_license|stale_verification|verification_status_risk|identity_or_active_status_change
PRV035370,270522050,Mary Johnson,Johnson Hospital-Based,MA,Endocrinology,Stale,Retired,0.415,1.0,review_identity_or_status,invalid_npi|invalid_phone|expired_license|stale_verification|verification_status_risk|identity_or_active_status_change
PRV035444,4620955395,Charles Thompson,Thompson Solo Practice,WA,Pathology,Needs Review,Retired,0.732,1.0,review_identity_or_status,invalid_npi|invalid_phone|expired_license|stale_verification|verification_status_risk|identity_or_active_status_change
PRV035495,1272041225,Jessica Walker,Walker Specialty Clinic,TX,Anesthesiology,Unverified,Left Practice,0.705,1.0,review_identity_or_status,invalid_npi|missing_address|expired_license|stale_verification|verification_status_risk|identity_or_active_status_change
PRV035657,6064820397,Yuki Garcia,Garcia Specialty Clinic,MD,Dermatology,Needs Review,Phone Changed,0.488,1.0,review_identity_or_status,invalid_npi|invalid_phone|missing_address|expired_license|stale_verification|verification_status_risk|field_change_flag
PRV035699,3620970007,Robert Robinson,Robinson Hospital-Based,GA,Physical Therapy,Needs Review,Left Practice,0.895,1.0,review_identity_or_status,invalid_npi|invalid_phone|expired_license|stale_verification|verification_status_risk|identity_or_active_status_change
PRV035721,2415907545,Fatima Walker,Walker Telehealth,CA,Dermatology,Stale,Retired,0.459,1.0,review_identity_or_status,invalid_npi|invalid_phone|expired_license|stale_verification|verification_status_risk|identity_or_active_status_change
PRV035778,5260859714,Olga Patel,Patel Hospital-Based,PA,Optometry,Unverified,Retired,0.802,1.0,review_identity_or_status,invalid_npi|invalid_phone|expired_license|stale_verification|verification_status_risk|identity_or_active_status_change
PRV035813,8046816040,Elizabeth Thompson,Thompson Hospital-Based,AZ,Oncology,Needs Review,Left Practice,0.535,1.0,review_identity_or_status,invalid_npi|invalid_phone|expired_license|stale_verification|verification_status_risk|identity_or_active_status_change
PRV035876,7560640723,Susan Williams,Williams Urgent Care,AZ,Oncology,Unverified,Left Practice,0.867,1.0,review_identity_or_status,invalid_npi|missing_address|expired_license|stale_verification|verification_status_risk|identity_or_active_status_change
PRV035898,3249644533,Michael Harris,Harris Hospital-Based,WA,Internal Medicine,Needs Review,Left Practice,0.729,1.0,review_identity_or_status,invalid_npi|invalid_phone|expired_license|stale_verification|verification_status_risk|identity_or_active_status_change
PRV036133,2221977703,Richard Davis,Davis Telehealth,TX,Nephrology,Unverified,Left Practice,0.337,1.0,review_identity_or_status,invalid_npi|invalid_phone|expired_license|stale_verification|verification_status_risk|identity_or_active_status_change
PRV036141,3897509342,John Williams,Williams Specialty Clinic,FL,Cardiology,Unverified,Left Practice,0.837,1.0,review_identity_or_status,invalid_npi|missing_address|expired_license|stale_verification|verification_status_risk|identity_or_active_status_change
PRV036155,9725555398,Priya Martin,Martin Group Practice,NY,General Surgery,Stale,Retired,0.723,1.0,review_identity_or_status,invalid_npi|invalid_phone|expired_license|stale_verification|verification_status_risk|identity_or_active_status_change
PRV036260,3069531237,Karen Thomas,Thomas Hospital-Based,IL,Pathology,Unverified,Retired,0.784,1.0,review_identity_or_status,invalid_npi|missing_address|expired_license|stale_verification|verification_status_risk|identity_or_active_status_change
PRV036605,4812060953,Barbara Kim,Kim Telehealth,IN,Ophthalmology,Needs Review,Retired,0.745,1.0,review_identity_or_status,invalid_npi|invalid_phone|expired_license|stale_verification|verification_status_risk|identity_or_active_status_change
PRV037246,5682547534,Liam Miller,Miller Hospital-Based,CA,Dentistry,Stale,Left Practice,0.301,1.0,review_identity_or_status,invalid_npi|invalid_phone|expired_license|stale_verification|verification_status_risk|identity_or_active_status_change
PRV037313,6920017842,Mary Miller,Miller Telehealth,MD,Oncology,Unverified,Left Practice,0.578,1.0,review_identity_or_status,invalid_npi|missing_address|expired_license|stale_verification|verification_status_risk|identity_or_active_status_change
PRV037493,8640839868,Charles Williams,Williams Specialty Clinic,MA,Rheumatology,Stale,Retired,0.87,1.0,review_identity_or_status,invalid_npi|invalid_phone|expired_license|stale_verification|verification_status_risk|identity_or_active_status_change
PRV037565,4915832720,Liam Thompson,Thompson Hospital-Based,TN,Emergency Medicine,Needs Review,Left Practice,0.624,1.0,review_identity_or_status,invalid_npi|missing_address|expired_license|stale_verification|verification_status_risk|identity_or_active_status_change
PRV037638,6253862655,William Jones,Jones Urgent Care,GA,Ophthalmology,Needs Review,Left Practice,0.35,1.0,review_identity_or_status,invalid_npi|invalid_phone|expired_license|stale_verification|verification_status_risk|identity_or_active_status_change
PRV037707,4234300344,Barbara Moore,Moore Urgent Care,OH,Internal Medicine,Unverified,Specialty Changed,0.45,1.0,review_identity_or_status,invalid_npi|invalid_phone|missing_address|expired_license|stale_verification|verification_status_risk|field_change_flag
PRV037790,680720984,Joseph Thomas,Thomas FQHC,MD,Orthopedics,Stale,Left Practice,0.809,1.0,review_identity_or_status,invalid_npi|invalid_phone|expired_license|stale_verification|verification_status_risk|identity_or_active_status_change
PRV037873,2891164885,Karen Brown,Brown Specialty Clinic,MO,Orthopedics,Needs Review,Left Practice,0.527,1.0,review_identity_or_status,invalid_npi|invalid_phone|expired_license|stale_verification|verification_status_risk|identity_or_active_status_change
PRV037929,6370568239,Michael Lewis,Lewis Telehealth,IL,Ophthalmology,Unverified,Left Practice,0.585,1.0,review_identity_or_status,invalid_npi|invalid_phone|expired_license|stale_verification|verification_status_risk|identity_or_active_status_change
PRV038016,2427766160,Olga Jones,Jones Group Practice,MO,Internal Medicine,Stale,Retired,0.395,1.0,review_identity_or_status,invalid_npi|invalid_phone|expired_license|stale_verification|verification_status_risk|identity_or_active_status_change
PRV038135,1550790457,John Brown,Brown Hospital-Based,IN,OB-GYN,Unverified,Retired,0.442,1.0,review_identity_or_status,invalid_npi|invalid_phone|expired_license|stale_verification|verification_status_risk|identity_or_active_status_change
PRV038233,8391552682,Priya Martin,Martin Telehealth,WA,Pathology,Needs Review,Retired,0.429,1.0,review_identity_or_status,invalid_npi|missing_address|expired_license|stale_verification|verification_status_risk|identity_or_active_status_change
PRV038290,7112541641,Patricia Clark,Clark Group Practice,WA,Neurology,Unverified,Retired,0.63,1.0,review_identity_or_status,invalid_npi|missing_address|expired_license|stale_verification|verification_status_risk|identity_or_active_status_change
PRV038373,4899059863,David Martinez,Martinez FQHC,TN,Pulmonology,Unverified,Retired,0.403,1.0,review_identity_or_status,invalid_npi|invalid_phone|expired_license|stale_verification|verification_status_risk|identity_or_active_status_change
PRV038412,495606264,Aisha Chen,Chen Telehealth,IN,Dermatology,Unverified,Retired,0.807,1.0,review_identity_or_status,invalid_npi|invalid_phone|expired_license|stale_verification|verification_status_risk|identity_or_active_status_change
PRV038465,9926594868,Thomas Rodriguez,Rodriguez Group Practice,MI,Nephrology,Unverified,Left Practice,0.388,1.0,review_identity_or_status,invalid_npi|invalid_phone|expired_license|stale_verification|verification_status_risk|identity_or_active_status_change
PRV038534,7144182556,Wei Hall,Hall Specialty Clinic,FL,Psychiatry,Stale,Left Practice,0.466,1.0,review_identity_or_status,invalid_npi|invalid_phone|expired_license|stale_verification|verification_status_risk|identity_or_active_status_change
PRV038586,6030820934,Linda Smith,Smith Hospital-Based,NC,Dermatology,Needs Review,Left Practice,0.675,1.0,review_identity_or_status,invalid_npi|invalid_phone|expired_license|stale_verification|verification_status_risk|identity_or_active_status_change
PRV038850,1431072807,Barbara Miller,Miller Specialty Clinic,GA,Psychiatry,Stale,Retired,0.545,1.0,review_identity_or_status,invalid_npi|invalid_phone|expired_license|stale_verification|verification_status_risk|identity_or_active_status_change
PRV038865,9138986581,Michael Smith,Smith Specialty Clinic,IN,Gastroenterology,Stale,Retired,0.677,1.0,review_identity_or_status,invalid_npi|invalid_phone|expired_license|stale_verification|verification_status_risk|identity_or_active_status_change
PRV038902,7400318555,Olga Anderson,Anderson Specialty Clinic,OH,Endocrinology,Needs Review,Retired,0.303,1.0,review_identity_or_status,invalid_npi|missing_address|expired_license|stale_verification|verification_status_risk|identity_or_active_status_change
PRV038916,598146152,James Kim,Kim Solo Practice,IL,Neurology,Stale,Left Practice,0.93,1.0,review_identity_or_status,invalid_npi|invalid_phone|expired_license|stale_verification|verification_status_risk|identity_or_active_status_change
PRV039112,5371605254,Charles Moore,Moore Group Practice,WI,Radiology,Needs Review,Retired,0.758,1.0,review_identity_or_status,invalid_npi|invalid_phone|expired_license|stale_verification|verification_status_risk|identity_or_active_status_change
PRV039118,1778081529,Mary Thomas,Thomas Solo Practice,FL,Endocrinology,Needs Review,Retired,0.412,1.0,review_identity_or_status,invalid_npi|invalid_phone|expired_license|stale_verification|verification_status_risk|identity_or_active_status_change
PRV039132,6461694041,Barbara Miller,Miller FQHC,FL,Psychiatry,Unverified,Retired,0.307,1.0,review_identity_or_status,invalid_npi|invalid_phone|expired_license|stale_verification|verification_status_risk|identity_or_active_status_change
PRV039166,6991823005,Susan Chen,Chen FQHC,NJ,Dentistry,Needs Review,Retired,0.514,1.0,review_identity_or_status,invalid_npi|missing_address|expired_license|stale_verification|verification_status_risk|identity_or_active_status_change
PRV039358,6979961295,David Lee,Lee Specialty Clinic,MD,Urology,Needs Review,Retired,0.492,1.0,review_identity_or_status,invalid_npi|missing_address|expired_license|stale_verification|verification_status_risk|identity_or_active_status_change
PRV039366,3626423781,Joseph Kim,Kim Telehealth,MD,Orthopedics,Unverified,Retired,0.743,1.0,review_identity_or_status,invalid_npi|invalid_phone|expired_license|stale_verification|verification_status_risk|identity_or_active_status_change
PRV039422,3416134057,Jessica Williams,Williams Solo Practice,WI,Endocrinology,Stale,Retired,0.459,1.0,review_identity_or_status,invalid_npi|missing_address|expired_license|stale_verification|verification_status_risk|identity_or_active_status_change
PRV039614,1707716545,Charles Wilson,Wilson FQHC,MD,OB-GYN,Unverified,Retired,0.516,1.0,review_identity_or_status,invalid_npi|invalid_phone|missing_address|expired_license|stale_verification|verification_status_risk|identity_or_active_status_change
PRV039618,3105969892,Yuki Jackson,Jackson Hospital-Based,IN,Rheumatology,Needs Review,Retired,0.306,1.0,review_identity_or_status,invalid_npi|invalid_phone|expired_license|stale_verification|verification_status_risk|identity_or_active_status_change
PRV039804,2858927177,Olga Garcia,Garcia Specialty Clinic,NJ,Dermatology,Stale,Retired,0.809,1.0,review_identity_or_status,invalid_npi|invalid_phone|expired_license|stale_verification|verification_status_risk|identity_or_active_status_change
PRV039935,8661963592,Jennifer Thompson,Thompson Urgent Care,OH,Internal Medicine,Needs Review,Phone Changed,0.819,1.0,review_identity_or_status,invalid_npi|invalid_phone|missing_address|expired_license|stale_verification|verification_status_risk|field_change_flag
PRV040013,7935754259,Sarah Davis,Davis Hospital-Based,NC,Anesthesiology,Stale,Left Practice,0.873,1.0,review_identity_or_status,invalid_npi|invalid_phone|expired_license|stale_verification|verification_status_risk|identity_or_active_status_change
PRV040021,5259290567,John Miller,Miller Hospital-Based,MO,Pulmonology,Stale,Retired,0.374,1.0,review_identity_or_status,invalid_npi|invalid_phone|expired_license|stale_verification|verification_status_risk|identity_or_active_status_change
PRV040160,2280631307,Fatima Wilson,Wilson FQHC,CA,Dentistry,Unverified,Retired,0.659,1.0,review_identity_or_status,invalid_npi|invalid_phone|expired_license|stale_verification|verification_status_risk|identity_or_active_status_change
PRV040193,592697583,Liam Nguyen,Nguyen Hospital-Based,AZ,OB-GYN,Needs Review,Retired,0.905,1.0,review_identity_or_status,invalid_npi|invalid_phone|expired_license|stale_verification|verification_status_risk|identity_or_active_status_change
PRV040205,8824471846,William Smith,Smith Urgent Care,MD,Internal Medicine,Stale,Left Practice,0.459,1.0,review_identity_or_status,invalid_npi|invalid_phone|expired_license|stale_verification|verification_status_risk|identity_or_active_status_change
PRV040241,7568998105,Patricia Taylor,Taylor Hospital-Based,WI,OB-GYN,Unverified,Left Practice,0.422,1.0,review_identity_or_status,invalid_npi|missing_address|expired_license|stale_verification|verification_status_risk|identity_or_active_status_change
PRV040254,7560793343,Barbara Patel,Patel Hospital-Based,NJ,Physical Therapy,Needs Review,Left Practice,0.455,1.0,review_identity_or_status,invalid_npi|invalid_phone|expired_license|stale_verification|verification_status_risk|identity_or_active_status_change
PRV040429,3680403878,Susan Nguyen,Nguyen Hospital-Based,NY,OB-GYN,Stale,Retired,0.384,1.0,review_identity_or_status,invalid_npi|invalid_phone|expired_license|stale_verification|verification_status_risk|identity_or_active_status_change
PRV040582,604499535,Fatima Hall,Hall Specialty Clinic,GA,Endocrinology,Needs Review,Retired,0.874,1.0,review_identity_or_status,invalid_npi|invalid_phone|expired_license|stale_verification|verification_status_risk|identity_or_active_status_change
PRV040640,6252771074,Robert Thomas,Thomas Specialty Clinic,VA,Pediatrics,Stale,Retired,0.356,1.0,review_identity_or_status,invalid_npi|invalid_phone|missing_address|expired_license|stale_verification|verification_status_risk|identity_or_active_status_change
PRV040743,1522265172,Jessica White,White FQHC,WA,Urology,Needs Review,Retired,0.803,1.0,review_identity_or_status,invalid_npi|invalid_phone|expired_license|stale_verification|verification_status_risk|identity_or_active_status_change
PRV040846,5851306805,Mei Taylor,Taylor Solo Practice,GA,Ophthalmology,Needs Review,Phone Changed,0.826,1.0,review_identity_or_status,invalid_npi|invalid_phone|missing_address|expired_license|stale_verification|verification_status_risk|field_change_flag
PRV041172,5125260766,Barbara Anderson,Anderson Hospital-Based,MA,Endocrinology,Unverified,Left Practice,0.351,1.0,review_identity_or_status,invalid_npi|invalid_phone|expired_license|stale_verification|verification_status_risk|identity_or_active_status_change
PRV041221,6887061460,Elizabeth Patel,Patel Group Practice,IN,Cardiology,Unverified,Retired,0.999,1.0,review_identity_or_status,invalid_npi|invalid_phone|expired_license|stale_verification|verification_status_risk|identity_or_active_status_change
PRV041233,3975042901,Joseph Williams,Williams Telehealth,MO,Pediatrics,Unverified,Retired,0.795,1.0,review_identity_or_status,invalid_npi|invalid_phone|expired_license|stale_verification|verification_status_risk|identity_or_active_status_change
PRV041362,6664809017,Thomas Anderson,Anderson Specialty Clinic,WI,Dermatology,Needs Review,Retired,0.51,1.0,review_identity_or_status,invalid_npi|missing_address|expired_license|stale_verification|verification_status_risk|identity_or_active_status_change
PRV041517,2345422946,Thomas Martin,Martin Specialty Clinic,WI,General Surgery,Unverified,Retired,0.922,1.0,review_identity_or_status,invalid_npi|invalid_phone|expired_license|stale_verification|verification_status_risk|identity_or_active_status_change
PRV041557,7879078616,Richard Davis,Davis Telehealth,VA,Physical Therapy,Unverified,Left Practice,0.656,1.0,review_identity_or_status,invalid_npi|invalid_phone|expired_license|stale_verification|verification_status_risk|identity_or_active_status_change
PRV041562,9289513252,William Jackson,Jackson FQHC,NJ,Family Medicine,Stale,Retired,0.917,1.0,review_identity_or_status,invalid_npi|invalid_phone|expired_license|stale_verification|verification_status_risk|identity_or_active_status_change
PRV041689,4243688933,John Moore,Moore Group Practice,IL,Cardiology,Needs Review,Left Practice,0.959,1.0,review_identity_or_status,invalid_npi|invalid_phone|expired_license|stale_verification|verification_status_risk|identity_or_active_status_change
PRV041703,5963634794,Liam Brown,Brown Telehealth,NY,Pathology,Unverified,Retired,0.551,1.0,review_identity_or_status,invalid_npi|invalid_phone|expired_license|stale_verification|verification_status_risk|identity_or_active_status_change
PRV041721,5425499879,Olga Lee,Lee Specialty Clinic,MD,Rheumatology,Unverified,Left Practice,0.69,1.0,review_identity_or_status,invalid_npi|invalid_phone|expired_license|stale_verification|verification_status_risk|identity_or_active_status_change
PRV041810,6352520233,David Patel,Patel FQHC,IN,Dermatology,Stale,Retired,0.866,1.0,review_identity_or_status,invalid_npi|invalid_phone|expired_license|stale_verification|verification_status_risk|identity_or_active_status_change
PRV041838,3083055888,Carlos Walker,Walker Group Practice,NC,Orthopedics,Stale,Retired,0.439,1.0,review_identity_or_status,invalid_npi|invalid_phone|expired_license|stale_verification|verification_status_risk|identity_or_active_status_change
PRV029626,5771024112,Richard Moore,Moore Telehealth,NJ,Emergency Medicine,Stale,Left Practice,0.475,0.999171,review_identity_or_status,invalid_npi|missing_address|expired_license|stale_verification|verification_status_risk|identity_or_active_status_change
PRV020430,6749474252,Aisha Patel,Patel Solo Practice,FL,Rheumatology,Needs Review,Retired,0.965,0.998904,review_identity_or_status,invalid_npi|invalid_phone|expired_license|stale_verification|verification_status_risk|identity_or_active_status_change
PRV024264,497346756,Liam Anderson,Anderson Telehealth,CA,Physical Therapy,Stale,Retired,0.748,0.995616,review_identity_or_status,invalid_npi|invalid_phone|expired_license|stale_verification|verification_status_risk|identity_or_active_status_change
PRV021118,9434691510,Richard Clark,Clark Solo Practice,MA,Optometry,Stale,Left Practice,0.787,0.995342,review_identity_or_status,invalid_npi|invalid_phone|expired_license|stale_verification|verification_status_risk|identity_or_active_status_change
PRV024884,8669427880,John Patel,Patel Hospital-Based,VA,Dermatology,Stale,Left Practice,0.734,0.993425,review_identity_or_status,invalid_npi|invalid_phone|expired_license|stale_verification|verification_status_risk|identity_or_active_status_change
PRV002215,567613622,Liam Taylor,Taylor Solo Practice,OH,Internal Medicine,Unverified,Retired,0.859,0.992603,review_identity_or_status,invalid_npi|invalid_phone|expired_license|stale_verification|verification_status_risk|identity_or_active_status_change
PRV039967,9136270809,William Hall,Hall Group Practice,FL,General Surgery,Needs Review,Left Practice,0.903,0.992329,review_identity_or_status,invalid_npi|invalid_phone|expired_license|stale_verification|verification_status_risk|identity_or_active_status_change
PRV010037,7102280303,Yuki Wilson,Wilson Urgent Care,MO,Psychiatry,Needs Review,Retired,0.485,0.9897,review_identity_or_status,invalid_phone|missing_address|expired_license|stale_verification|verification_status_risk|identity_or_active_status_change
PRV022291,9130059651,Richard Garcia,Garcia Specialty Clinic,CA,Dentistry,Unverified,Retired,0.858,0.988493,review_identity_or_status,invalid_npi|invalid_phone|expired_license|stale_verification|verification_status_risk|identity_or_active_status_change
PRV026620,6042807707,Joseph Jones,Jones Urgent Care,MO,Orthopedics,Stale,Retired,0.694,0.987397,review_identity_or_status,invalid_npi|invalid_phone|expired_license|stale_verification|verification_status_risk|identity_or_active_status_change
PRV038435,7936273950,Richard Clark,Clark Hospital-Based,MI,Gastroenterology,Unverified,Retired,0.599,0.984248,review_identity_or_status,invalid_npi|invalid_phone|expired_license|stale_verification|verification_status_risk|identity_or_active_status_change
PRV010513,7933368613,Sarah Rodriguez,Rodriguez Urgent Care,CA,OB-GYN,Needs Review,Left Practice,0.603,0.983802,review_identity_or_status,invalid_npi|invalid_phone|expired_license|stale_verification|verification_status_risk|identity_or_active_status_change
PRV028777,979218182,Liam Brown,Brown Telehealth,CA,Family Medicine,Needs Review,Left Practice,0.569,0.983073,review_identity_or_status,invalid_npi|invalid_phone|expired_license|stale_verification|verification_status_risk|identity_or_active_status_change
PRV004071,5226693507,Jennifer Walker,Walker Hospital-Based,MA,Gastroenterology,Pending,Left Practice,0.3,0.983,review_identity_or_status,invalid_npi|invalid_phone|expired_license|stale_verification|identity_or_active_status_change
PRV004922,501309791,Mary Smith,Smith FQHC,MO,Endocrinology,Verified,Left Practice,0.305,0.9821,review_identity_or_status,invalid_npi|missing_address|expired_license|stale_verification|identity_or_active_status_change
PRV014938,6063897621,Jessica Hall,Hall Telehealth,FL,Anesthesiology,Pending,Left Practice,0.306,0.98192,review_identity_or_status,invalid_npi|invalid_phone|expired_license|stale_verification|identity_or_active_status_change
PRV008121,7861394635,Thomas Hall,Hall Telehealth,OH,Urology,Pending,Retired,0.307,0.98174,review_identity_or_status,invalid_npi|invalid_phone|expired_license|stale_verification|identity_or_active_status_change
PRV011297,7223367673,John Thomas,Thomas Group Practice,GA,Pathology,Needs Review,Retired,0.59,0.981485,review_identity_or_status,invalid_npi|invalid_phone|expired_license|stale_verification|verification_status_risk|identity_or_active_status_change
PRV022211,610234783,Elizabeth Harris,Harris Specialty Clinic,IN,Physical Therapy,Verified,Left Practice,0.309,0.98138,review_identity_or_status,invalid_npi|missing_address|expired_license|stale_verification|identity_or_active_status_change
PRV019004,342141753,Jennifer Moore,Moore Telehealth,FL,Pathology,Verified,Retired,0.314,0.98048,review_identity_or_status,invalid_npi|invalid_phone|expired_license|stale_verification|identity_or_active_status_change
PRV030761,82623929,Olga Clark,Clark Hospital-Based,GA,Orthopedics,Pending,Left Practice,0.319,0.97958,review_identity_or_status,invalid_npi|missing_address|expired_license|stale_verification|identity_or_active_status_change
PRV013558,2014567241,Robert Chen,Chen Group Practice,CA,Pediatrics,Pending,Retired,0.321,0.97922,review_identity_or_status,invalid_npi|invalid_phone|expired_license|stale_verification|identity_or_active_status_change
PRV008785,4212755971,William Brown,Brown Telehealth,CA,Nephrology,Verified,Left Practice,0.322,0.97904,review_identity_or_status,invalid_npi|invalid_phone|expired_license|stale_verification|identity_or_active_status_change
PRV040113,853963139,Linda Thompson,Thompson Hospital-Based,AZ,Nephrology,Verified,Retired,0.322,0.97904,review_identity_or_status,invalid_npi|invalid_phone|expired_license|stale_verification|identity_or_active_status_change
PRV025562,2576493779,John Williams,Williams Group Practice,WI,Pathology,Pending,Retired,0.33,0.9776,review_identity_or_status,invalid_npi|invalid_phone|expired_license|stale_verification|identity_or_active_status_change
PRV025299,3938107008,Aisha Taylor,Taylor Solo Practice,VA,Endocrinology,Pending,Retired,0.332,0.97724,review_identity_or_status,invalid_npi|invalid_phone|expired_license|stale_verification|identity_or_active_status_change
PRV033910,2368403458,Joseph Davis,Davis Urgent Care,GA,Dermatology,Verified,Retired,0.336,0.97652,review_identity_or_status,invalid_npi|invalid_phone|expired_license|stale_verification|identity_or_active_status_change
PRV036983,2864547849,Barbara Rodriguez,Rodriguez Group Practice,CA,Pediatrics,Verified,Left Practice,0.337,0.97634,review_identity_or_status,invalid_npi|missing_address|expired_license|stale_verification|identity_or_active_status_change
PRV030837,1863840528,Susan White,White Urgent Care,TX,Optometry,Verified,Retired,0.344,0.97508,review_identity_or_status,invalid_npi|invalid_phone|expired_license|stale_verification|identity_or_active_status_change
PRV011497,4217259733,Michael Wilson,Wilson Hospital-Based,TX,Physical Therapy,Verified,Retired,0.345,0.9749,review_identity_or_status,invalid_npi|invalid_phone|expired_license|stale_verification|identity_or_active_status_change
PRV002368,2014434794,Joseph Thompson,Thompson Urgent Care,FL,Cardiology,Verified,Left Practice,0.346,0.97472,review_identity_or_status,invalid_npi|invalid_phone|expired_license|stale_verification|identity_or_active_status_change
PRV030573,6218693470,Susan Brown,Brown FQHC,MI,Urology,Verified,Address Changed,0.347,0.97454,review_identity_or_status,invalid_npi|invalid_phone|missing_address|expired_license|stale_verification|field_change_flag
