provider_id,practice_id,source,field,value,retrieved_days_ago,url
P0000,PR000,nppes,phone,555-100-2000,140,https://example.org/nppes/P0000
P0000,PR000,nppes,address,"100 Main St, Suite 1, FL",154,https://example.org/nppes/P0000
P0000,PR000,nppes,specialty,family medicine,102,https://example.org/nppes/P0000
P0000,PR000,nppes,accepting_new_patients,,63,https://example.org/nppes/P0000
P0000,PR000,practice_website,phone,555-100-2000,79,https://example.org/practice_website/P0000
P0000,PR000,practice_website,address,"1143 Lake Dr, Suite 6, FL",165,https://example.org/practice_website/P0000
P0000,PR000,practice_website,specialty,family medicine,54,https://example.org/practice_website/P0000
P0000,PR000,practice_website,accepting_new_patients,false,59,https://example.org/practice_website/P0000
P0000,PR000,health_system,phone,555-100-2000,31,https://example.org/health_system/P0000
P0000,PR000,health_system,address,"100 Main St, Suite 1, FL",168,https://example.org/health_system/P0000
P0000,PR000,health_system,specialty,family medicine,29,https://example.org/health_system/P0000
P0000,PR000,health_system,accepting_new_patients,false,172,https://example.org/health_system/P0000
P0000,PR000,business_listing,phone,555-100-2000,17,https://example.org/business_listing/P0000
P0000,PR000,business_listing,address,"100 Main St, Suite 1, FL",48,https://example.org/business_listing/P0000
P0000,PR000,business_listing,specialty,family medicine,140,https://example.org/business_listing/P0000
P0000,PR000,business_listing,accepting_new_patients,false,127,https://example.org/business_listing/P0000
P0000,PR000,state_license,license_status,probation,19,https://example.org/license/P0000
P0001,PR000,nppes,phone,555-101-2037,5,https://example.org/nppes/P0001
P0001,PR000,nppes,address,"107 Oak Ave, Suite 2, FL",137,https://example.org/nppes/P0001
P0001,PR000,nppes,specialty,cardiology,136,https://example.org/nppes/P0001
P0001,PR000,nppes,accepting_new_patients,true,76,https://example.org/nppes/P0001
P0001,PR000,practice_website,phone,555-101-2037,143,https://example.org/practice_website/P0001
P0001,PR000,practice_website,address,"107 Oak Ave, Suite 2, FL",32,https://example.org/practice_website/P0001
P0001,PR000,practice_website,specialty,orthopedics,76,https://example.org/practice_website/P0001
P0001,PR000,practice_website,accepting_new_patients,true,87,https://example.org/practice_website/P0001
P0001,PR000,health_system,phone,555-101-2037,98,https://example.org/health_system/P0001
P0001,PR000,health_system,address,"107 Oak Ave, Suite 2, FL",86,https://example.org/health_system/P0001
P0001,PR000,health_system,specialty,orthopedics,3,https://example.org/health_system/P0001
P0001,PR000,health_system,accepting_new_patients,true,161,https://example.org/health_system/P0001
P0001,PR000,business_listing,phone,555-101-2037,131,https://example.org/business_listing/P0001
P0001,PR000,business_listing,address,"1150 Main St, Suite 7, FL",131,https://example.org/business_listing/P0001
P0001,PR000,business_listing,specialty,orthopedics,99,https://example.org/business_listing/P0001
P0001,PR000,business_listing,accepting_new_patients,true,68,https://example.org/business_listing/P0001
P0001,PR000,state_license,license_status,active,57,https://example.org/license/P0001
P0002,PR000,nppes,phone,555-102-2074,53,https://example.org/nppes/P0002
P0002,PR000,nppes,address,"114 Cedar Rd, Suite 3, FL",174,https://example.org/nppes/P0002
P0002,PR000,nppes,specialty,dermatology,178,https://example.org/nppes/P0002
P0002,PR000,nppes,accepting_new_patients,true,5,https://example.org/nppes/P0002
P0002,PR000,practice_website,phone,555-102-2074,139,https://example.org/practice_website/P0002
P0002,PR000,practice_website,address,"114 Cedar Rd, Suite 3, FL",170,https://example.org/practice_website/P0002
P0002,PR000,practice_website,specialty,dermatology,44,https://example.org/practice_website/P0002
P0002,PR000,practice_website,accepting_new_patients,true,9,https://example.org/practice_website/P0002
P0002,PR000,health_system,phone,555-102-2074,36,https://example.org/health_system/P0002
P0002,PR000,health_system,address,,33,https://example.org/health_system/P0002
P0002,PR000,health_system,specialty,dermatology,42,https://example.org/health_system/P0002
P0002,PR000,health_system,accepting_new_patients,true,76,https://example.org/health_system/P0002
P0002,PR000,business_listing,phone,555-102-2074,37,https://example.org/business_listing/P0002
P0002,PR000,business_listing,address,"1157 Oak Ave, Suite 8, FL",16,https://example.org/business_listing/P0002
P0002,PR000,business_listing,specialty,dermatology,72,https://example.org/business_listing/P0002
P0002,PR000,business_listing,accepting_new_patients,true,90,https://example.org/business_listing/P0002
P0002,PR000,state_license,license_status,active,3,https://example.org/license/P0002
P0003,PR001,nppes,phone,555-103-2111,135,https://example.org/nppes/P0003
P0003,PR001,nppes,address,"121 Pine Blvd, Suite 4, FL",76,https://example.org/nppes/P0003
P0003,PR001,nppes,specialty,pediatrics,152,https://example.org/nppes/P0003
P0003,PR001,nppes,accepting_new_patients,true,5,https://example.org/nppes/P0003
P0003,PR001,practice_website,phone,555-103-2111,168,https://example.org/practice_website/P0003
P0003,PR001,practice_website,address,"121 Pine Blvd, Suite 4, FL",156,https://example.org/practice_website/P0003
P0003,PR001,practice_website,specialty,pediatrics,50,https://example.org/practice_website/P0003
P0003,PR001,practice_website,accepting_new_patients,true,82,https://example.org/practice_website/P0003
P0003,PR001,health_system,phone,555-103-2111,86,https://example.org/health_system/P0003
P0003,PR001,health_system,address,"121 Pine Blvd, Suite 4, FL",107,https://example.org/health_system/P0003
P0003,PR001,health_system,specialty,pediatrics,29,https://example.org/health_system/P0003
P0003,PR001,health_system,accepting_new_patients,,52,https://example.org/health_system/P0003
P0003,PR001,business_listing,phone,,78,https://example.org/business_listing/P0003
P0003,PR001,business_listing,address,"121 Pine Blvd, Suite 4, FL",107,https://example.org/business_listing/P0003
P0003,PR001,business_listing,specialty,pediatrics,97,https://example.org/business_listing/P0003
P0003,PR001,business_listing,accepting_new_patients,true,9,https://example.org/business_listing/P0003
P0003,PR001,state_license,license_status,active,85,https://example.org/license/P0003
P0004,PR001,nppes,phone,555-205-5885,76,https://example.org/nppes/P0004
P0004,PR001,nppes,address,,73,https://example.org/nppes/P0004
P0004,PR001,nppes,specialty,orthopedics,166,https://example.org/nppes/P0004
P0004,PR001,nppes,accepting_new_patients,false,113,https://example.org/nppes/P0004
P0004,PR001,practice_website,phone,555-104-2148,116,https://example.org/practice_website/P0004
P0004,PR001,practice_website,address,"128 Market St, Suite 5, FL",141,https://example.org/practice_website/P0004
P0004,PR001,practice_website,specialty,orthopedics,70,https://example.org/practice_website/P0004
P0004,PR001,practice_website,accepting_new_patients,false,62,https://example.org/practice_website/P0004
P0004,PR001,health_system,phone,555-104-2148,67,https://example.org/health_system/P0004
P0004,PR001,health_system,address,"128 Market St, Suite 5, FL",121,https://example.org/health_system/P0004
P0004,PR001,health_system,specialty,orthopedics,165,https://example.org/health_system/P0004
P0004,PR001,health_system,accepting_new_patients,false,100,https://example.org/health_system/P0004
P0004,PR001,business_listing,phone,555-104-2148,96,https://example.org/business_listing/P0004
P0004,PR001,business_listing,address,"128 Market St, Suite 5, FL",165,https://example.org/business_listing/P0004
P0004,PR001,business_listing,specialty,cardiology,25,https://example.org/business_listing/P0004
P0004,PR001,business_listing,accepting_new_patients,false,172,https://example.org/business_listing/P0004
P0004,PR001,state_license,license_status,active,86,https://example.org/license/P0004
P0005,PR001,nppes,phone,555-105-2185,167,https://example.org/nppes/P0005
P0005,PR001,nppes,address,"135 Lake Dr, Suite 6, FL",170,https://example.org/nppes/P0005
P0005,PR001,nppes,specialty,neurology,3,https://example.org/nppes/P0005
P0005,PR001,nppes,accepting_new_patients,true,103,https://example.org/nppes/P0005
P0005,PR001,practice_website,phone,555-105-2185,26,https://example.org/practice_website/P0005
P0005,PR001,practice_website,address,"135 Lake Dr, Suite 6, FL",167,https://example.org/practice_website/P0005
P0005,PR001,practice_website,specialty,neurology,39,https://example.org/practice_website/P0005
P0005,PR001,practice_website,accepting_new_patients,true,121,https://example.org/practice_website/P0005
P0005,PR001,health_system,phone,555-105-2185,57,https://example.org/health_system/P0005
P0005,PR001,health_system,address,"135 Lake Dr, Suite 6, FL",30,https://example.org/health_system/P0005
P0005,PR001,health_system,specialty,neurology,170,https://example.org/health_system/P0005
P0005,PR001,health_system,accepting_new_patients,true,168,https://example.org/health_system/P0005
P0005,PR001,business_listing,phone,555-105-2185,77,https://example.org/business_listing/P0005
P0005,PR001,business_listing,address,"135 Lake Dr, Suite 6, FL",23,https://example.org/business_listing/P0005
P0005,PR001,business_listing,specialty,,19,https://example.org/business_listing/P0005
P0005,PR001,business_listing,accepting_new_patients,true,82,https://example.org/business_listing/P0005
P0005,PR001,state_license,license_status,active,2,https://example.org/license/P0005
P0006,PR002,nppes,phone,555-106-2222,55,https://example.org/nppes/P0006
P0006,PR002,nppes,address,"142 Main St, Suite 7, FL",140,https://example.org/nppes/P0006
P0006,PR002,nppes,specialty,family medicine,150,https://example.org/nppes/P0006
P0006,PR002,nppes,accepting_new_patients,true,155,https://example.org/nppes/P0006
P0006,PR002,practice_website,phone,555-106-2222,7,https://example.org/practice_website/P0006
P0006,PR002,practice_website,address,"142 Main St, Suite 7, FL",163,https://example.org/practice_website/P0006
P0006,PR002,practice_website,specialty,pediatrics,8,https://example.org/practice_website/P0006
P0006,PR002,practice_website,accepting_new_patients,true,45,https://example.org/practice_website/P0006
P0006,PR002,health_system,phone,555-106-2222,12,https://example.org/health_system/P0006
P0006,PR002,health_system,address,,83,https://example.org/health_system/P0006
P0006,PR002,health_system,specialty,family medicine,37,https://example.org/health_system/P0006
P0006,PR002,health_system,accepting_new_patients,true,146,https://example.org/health_system/P0006
P0006,PR002,business_listing,phone,555-106-2222,132,https://example.org/business_listing/P0006
P0006,PR002,business_listing,address,,14,https://example.org/business_listing/P0006
P0006,PR002,business_listing,specialty,family medicine,111,https://example.org/business_listing/P0006
P0006,PR002,business_listing,accepting_new_patients,false,68,https://example.org/business_listing/P0006
P0006,PR002,state_license,license_status,active,88,https://example.org/license/P0006
P0007,PR002,nppes,phone,555-107-2259,81,https://example.org/nppes/P0007
P0007,PR002,nppes,address,"149 Oak Ave, Suite 8, FL",27,https://example.org/nppes/P0007
P0007,PR002,nppes,specialty,cardiology,30,https://example.org/nppes/P0007
P0007,PR002,nppes,accepting_new_patients,true,28,https://example.org/nppes/P0007
P0007,PR002,practice_website,phone,555-107-2259,18,https://example.org/practice_website/P0007
P0007,PR002,practice_website,address,"149 Oak Ave, Suite 8, FL",56,https://example.org/practice_website/P0007
P0007,PR002,practice_website,specialty,cardiology,170,https://example.org/practice_website/P0007
P0007,PR002,practice_website,accepting_new_patients,false,106,https://example.org/practice_website/P0007
P0007,PR002,health_system,phone,555-107-2259,64,https://example.org/health_system/P0007
P0007,PR002,health_system,address,"149 Oak Ave, Suite 8, FL",102,https://example.org/health_system/P0007
P0007,PR002,health_system,specialty,cardiology,37,https://example.org/health_system/P0007
P0007,PR002,health_system,accepting_new_patients,true,78,https://example.org/health_system/P0007
P0007,PR002,business_listing,phone,555-107-2259,153,https://example.org/business_listing/P0007
P0007,PR002,business_listing,address,"149 Oak Ave, Suite 8, FL",91,https://example.org/business_listing/P0007
P0007,PR002,business_listing,specialty,cardiology,11,https://example.org/business_listing/P0007
P0007,PR002,business_listing,accepting_new_patients,false,14,https://example.org/business_listing/P0007
P0007,PR002,state_license,license_status,active,44,https://example.org/license/P0007
P0008,PR002,nppes,phone,,32,https://example.org/nppes/P0008
P0008,PR002,nppes,address,"156 Cedar Rd, Suite 9, FL",128,https://example.org/nppes/P0008
P0008,PR002,nppes,specialty,dermatology,29,https://example.org/nppes/P0008
P0008,PR002,nppes,accepting_new_patients,false,77,https://example.org/nppes/P0008
P0008,PR002,practice_website,phone,555-108-2296,57,https://example.org/practice_website/P0008
P0008,PR002,practice_website,address,"1199 Oak Ave, Suite 2, FL",136,https://example.org/practice_website/P0008
P0008,PR002,practice_website,specialty,dermatology,95,https://example.org/practice_website/P0008
P0008,PR002,practice_website,accepting_new_patients,false,144,https://example.org/practice_website/P0008
P0008,PR002,health_system,phone,555-108-2296,178,https://example.org/health_system/P0008
P0008,PR002,health_system,address,"156 Cedar Rd, Suite 9, FL",87,https://example.org/health_system/P0008
P0008,PR002,health_system,specialty,dermatology,85,https://example.org/health_system/P0008
P0008,PR002,health_system,accepting_new_patients,false,36,https://example.org/health_system/P0008
P0008,PR002,business_listing,phone,555-108-2296,89,https://example.org/business_listing/P0008
P0008,PR002,business_listing,address,"156 Cedar Rd, Suite 9, FL",100,https://example.org/business_listing/P0008
P0008,PR002,business_listing,specialty,,117,https://example.org/business_listing/P0008
P0008,PR002,business_listing,accepting_new_patients,false,167,https://example.org/business_listing/P0008
P0008,PR002,state_license,license_status,active,76,https://example.org/license/P0008
P0009,PR003,nppes,phone,555-109-2333,78,https://example.org/nppes/P0009
P0009,PR003,nppes,address,"163 Pine Blvd, Suite 10, FL",163,https://example.org/nppes/P0009
P0009,PR003,nppes,specialty,pediatrics,5,https://example.org/nppes/P0009
P0009,PR003,nppes,accepting_new_patients,true,72,https://example.org/nppes/P0009
P0009,PR003,practice_website,phone,,110,https://example.org/practice_website/P0009
P0009,PR003,practice_website,address,"163 Pine Blvd, Suite 10, FL",167,https://example.org/practice_website/P0009
P0009,PR003,practice_website,specialty,pediatrics,95,https://example.org/practice_website/P0009
P0009,PR003,practice_website,accepting_new_patients,true,114,https://example.org/practice_website/P0009
P0009,PR003,health_system,phone,555-109-2333,52,https://example.org/health_system/P0009
P0009,PR003,health_system,address,"163 Pine Blvd, Suite 10, FL",173,https://example.org/health_system/P0009
P0009,PR003,health_system,specialty,pediatrics,173,https://example.org/health_system/P0009
P0009,PR003,health_system,accepting_new_patients,true,118,https://example.org/health_system/P0009
P0009,PR003,business_listing,phone,555-109-2333,2,https://example.org/business_listing/P0009
P0009,PR003,business_listing,address,"163 Pine Blvd, Suite 10, FL",24,https://example.org/business_listing/P0009
P0009,PR003,business_listing,specialty,pediatrics,45,https://example.org/business_listing/P0009
P0009,PR003,business_listing,accepting_new_patients,false,75,https://example.org/business_listing/P0009
P0009,PR003,state_license,license_status,active,24,https://example.org/license/P0009
P0010,PR003,nppes,phone,555-110-2370,166,https://example.org/nppes/P0010
P0010,PR003,nppes,address,"681 Lake Dr, Suite 12, FL",137,https://example.org/nppes/P0010
P0010,PR003,nppes,specialty,orthopedics,128,https://example.org/nppes/P0010
P0010,PR003,nppes,accepting_new_patients,true,20,https://example.org/nppes/P0010
P0010,PR003,practice_website,phone,555-321-3177,112,https://example.org/practice_website/P0010
P0010,PR003,practice_website,address,"1213 Pine Blvd, Suite 4, FL",126,https://example.org/practice_website/P0010
P0010,PR003,practice_website,specialty,orthopedics,161,https://example.org/practice_website/P0010
P0010,PR003,practice_website,accepting_new_patients,true,128,https://example.org/practice_website/P0010
P0010,PR003,health_system,phone,555-110-2370,107,https://example.org/health_system/P0010
P0010,PR003,health_system,address,"1213 Pine Blvd, Suite 4, FL",82,https://example.org/health_system/P0010
P0010,PR003,health_system,specialty,orthopedics,129,https://example.org/health_system/P0010
P0010,PR003,health_system,accepting_new_patients,true,35,https://example.org/health_system/P0010
P0010,PR003,business_listing,phone,555-110-2370,179,https://example.org/business_listing/P0010
P0010,PR003,business_listing,address,"170 Market St, Suite 11, FL",20,https://example.org/business_listing/P0010
P0010,PR003,business_listing,specialty,,67,https://example.org/business_listing/P0010
P0010,PR003,business_listing,accepting_new_patients,true,82,https://example.org/business_listing/P0010
P0010,PR003,state_license,license_status,active,38,https://example.org/license/P0010
P0011,PR003,nppes,phone,555-111-2407,63,https://example.org/nppes/P0011
P0011,PR003,nppes,address,"177 Lake Dr, Suite 12, FL",161,https://example.org/nppes/P0011
P0011,PR003,nppes,specialty,neurology,112,https://example.org/nppes/P0011
P0011,PR003,nppes,accepting_new_patients,true,118,https://example.org/nppes/P0011
P0011,PR003,practice_website,phone,555-111-2407,12,https://example.org/practice_website/P0011
P0011,PR003,practice_website,address,"177 Lake Dr, Suite 12, FL",101,https://example.org/practice_website/P0011
P0011,PR003,practice_website,specialty,neurology,47,https://example.org/practice_website/P0011
P0011,PR003,practice_website,accepting_new_patients,true,147,https://example.org/practice_website/P0011
P0011,PR003,health_system,phone,555-111-2407,58,https://example.org/health_system/P0011
P0011,PR003,health_system,address,,172,https://example.org/health_system/P0011
P0011,PR003,health_system,specialty,,11,https://example.org/health_system/P0011
P0011,PR003,health_system,accepting_new_patients,true,45,https://example.org/health_system/P0011
P0011,PR003,business_listing,phone,555-322-3214,115,https://example.org/business_listing/P0011
P0011,PR003,business_listing,address,"177 Lake Dr, Suite 12, FL",70,https://example.org/business_listing/P0011
P0011,PR003,business_listing,specialty,neurology,28,https://example.org/business_listing/P0011
P0011,PR003,business_listing,accepting_new_patients,,2,https://example.org/business_listing/P0011
P0011,PR003,state_license,license_status,active,25,https://example.org/license/P0011
P0012,PR004,nppes,phone,555-112-2444,89,https://example.org/nppes/P0012
P0012,PR004,nppes,address,"184 Main St, Suite 1, FL",108,https://example.org/nppes/P0012
P0012,PR004,nppes,specialty,family medicine,45,https://example.org/nppes/P0012
P0012,PR004,nppes,accepting_new_patients,,90,https://example.org/nppes/P0012
P0012,PR004,practice_website,phone,,84,https://example.org/practice_website/P0012
P0012,PR004,practice_website,address,,168,https://example.org/practice_website/P0012
P0012,PR004,practice_website,specialty,family medicine,35,https://example.org/practice_website/P0012
P0012,PR004,practice_website,accepting_new_patients,false,124,https://example.org/practice_website/P0012
P0012,PR004,health_system,phone,555-213-6181,153,https://example.org/health_system/P0012
P0012,PR004,health_system,address,"184 Main St, Suite 1, FL",53,https://example.org/health_system/P0012
P0012,PR004,health_system,specialty,family medicine,47,https://example.org/health_system/P0012
P0012,PR004,health_system,accepting_new_patients,false,28,https://example.org/health_system/P0012
P0012,PR004,business_listing,phone,555-112-2444,58,https://example.org/business_listing/P0012
P0012,PR004,business_listing,address,"184 Main St, Suite 1, FL",155,https://example.org/business_listing/P0012
P0012,PR004,business_listing,specialty,pediatrics,7,https://example.org/business_listing/P0012
P0012,PR004,business_listing,accepting_new_patients,false,149,https://example.org/business_listing/P0012
P0012,PR004,state_license,license_status,active,29,https://example.org/license/P0012
P0013,PR004,nppes,phone,555-113-2481,121,https://example.org/nppes/P0013
P0013,PR004,nppes,address,"191 Oak Ave, Suite 2, FL",125,https://example.org/nppes/P0013
P0013,PR004,nppes,specialty,orthopedics,104,https://example.org/nppes/P0013
P0013,PR004,nppes,accepting_new_patients,true,106,https://example.org/nppes/P0013
P0013,PR004,practice_website,phone,555-113-2481,130,https://example.org/practice_website/P0013
P0013,PR004,practice_website,address,"191 Oak Ave, Suite 2, FL",10,https://example.org/practice_website/P0013
P0013,PR004,practice_website,specialty,orthopedics,29,https://example.org/practice_website/P0013
P0013,PR004,practice_website,accepting_new_patients,true,43,https://example.org/practice_website/P0013
P0013,PR004,health_system,phone,555-113-2481,96,https://example.org/health_system/P0013
P0013,PR004,health_system,address,"191 Oak Ave, Suite 2, FL",131,https://example.org/health_system/P0013
P0013,PR004,health_system,specialty,,8,https://example.org/health_system/P0013
P0013,PR004,health_system,accepting_new_patients,true,143,https://example.org/health_system/P0013
P0013,PR004,business_listing,phone,555-113-2481,85,https://example.org/business_listing/P0013
P0013,PR004,business_listing,address,"1234 Main St, Suite 7, FL",28,https://example.org/business_listing/P0013
P0013,PR004,business_listing,specialty,cardiology,62,https://example.org/business_listing/P0013
P0013,PR004,business_listing,accepting_new_patients,true,85,https://example.org/business_listing/P0013
P0013,PR004,state_license,license_status,active,8,https://example.org/license/P0013
P0014,PR004,nppes,phone,555-114-2518,134,https://example.org/nppes/P0014
P0014,PR004,nppes,address,"198 Cedar Rd, Suite 3, FL",155,https://example.org/nppes/P0014
P0014,PR004,nppes,specialty,dermatology,144,https://example.org/nppes/P0014
P0014,PR004,nppes,accepting_new_patients,true,145,https://example.org/nppes/P0014
P0014,PR004,practice_website,phone,555-114-2518,130,https://example.org/practice_website/P0014
P0014,PR004,practice_website,address,"198 Cedar Rd, Suite 3, FL",3,https://example.org/practice_website/P0014
P0014,PR004,practice_website,specialty,dermatology,109,https://example.org/practice_website/P0014
P0014,PR004,practice_website,accepting_new_patients,true,61,https://example.org/practice_website/P0014
P0014,PR004,health_system,phone,555-114-2518,30,https://example.org/health_system/P0014
P0014,PR004,health_system,address,"198 Cedar Rd, Suite 3, FL",105,https://example.org/health_system/P0014
P0014,PR004,health_system,specialty,dermatology,158,https://example.org/health_system/P0014
P0014,PR004,health_system,accepting_new_patients,true,24,https://example.org/health_system/P0014
P0014,PR004,business_listing,phone,555-114-2518,10,https://example.org/business_listing/P0014
P0014,PR004,business_listing,address,"1241 Oak Ave, Suite 8, FL",26,https://example.org/business_listing/P0014
P0014,PR004,business_listing,specialty,dermatology,54,https://example.org/business_listing/P0014
P0014,PR004,business_listing,accepting_new_patients,true,106,https://example.org/business_listing/P0014
P0014,PR004,state_license,license_status,active,7,https://example.org/license/P0014
P0015,PR005,nppes,phone,555-115-2555,147,https://example.org/nppes/P0015
P0015,PR005,nppes,address,"205 Pine Blvd, Suite 4, FL",152,https://example.org/nppes/P0015
P0015,PR005,nppes,specialty,pediatrics,68,https://example.org/nppes/P0015
P0015,PR005,nppes,accepting_new_patients,true,105,https://example.org/nppes/P0015
P0015,PR005,practice_website,phone,555-115-2555,9,https://example.org/practice_website/P0015
P0015,PR005,practice_website,address,"205 Pine Blvd, Suite 4, FL",38,https://example.org/practice_website/P0015
P0015,PR005,practice_website,specialty,pediatrics,111,https://example.org/practice_website/P0015
P0015,PR005,practice_website,accepting_new_patients,true,33,https://example.org/practice_website/P0015
P0015,PR005,health_system,phone,555-115-2555,134,https://example.org/health_system/P0015
P0015,PR005,health_system,address,"205 Pine Blvd, Suite 4, FL",62,https://example.org/health_system/P0015
P0015,PR005,health_system,specialty,pediatrics,2,https://example.org/health_system/P0015
P0015,PR005,health_system,accepting_new_patients,true,140,https://example.org/health_system/P0015
P0015,PR005,business_listing,phone,555-115-2555,66,https://example.org/business_listing/P0015
P0015,PR005,business_listing,address,"205 Pine Blvd, Suite 4, FL",24,https://example.org/business_listing/P0015
P0015,PR005,business_listing,specialty,pediatrics,31,https://example.org/business_listing/P0015
P0015,PR005,business_listing,accepting_new_patients,false,47,https://example.org/business_listing/P0015
P0015,PR005,state_license,license_status,active,82,https://example.org/license/P0015
P0016,PR005,nppes,phone,555-116-2592,110,https://example.org/nppes/P0016
P0016,PR005,nppes,address,"212 Market St, Suite 5, FL",147,https://example.org/nppes/P0016
P0016,PR005,nppes,specialty,orthopedics,134,https://example.org/nppes/P0016
P0016,PR005,nppes,accepting_new_patients,false,12,https://example.org/nppes/P0016
P0016,PR005,practice_website,phone,555-116-2592,143,https://example.org/practice_website/P0016
P0016,PR005,practice_website,address,"212 Market St, Suite 5, FL",53,https://example.org/practice_website/P0016
P0016,PR005,practice_website,specialty,orthopedics,115,https://example.org/practice_website/P0016
P0016,PR005,practice_website,accepting_new_patients,true,79,https://example.org/practice_website/P0016
P0016,PR005,health_system,phone,555-116-2592,29,https://example.org/health_system/P0016
P0016,PR005,health_system,address,"212 Market St, Suite 5, FL",55,https://example.org/health_system/P0016
P0016,PR005,health_system,specialty,orthopedics,119,https://example.org/health_system/P0016
P0016,PR005,health_system,accepting_new_patients,false,177,https://example.org/health_system/P0016
P0016,PR005,business_listing,phone,555-116-2592,152,https://example.org/business_listing/P0016
P0016,PR005,business_listing,address,"212 Market St, Suite 5, FL",135,https://example.org/business_listing/P0016
P0016,PR005,business_listing,specialty,orthopedics,119,https://example.org/business_listing/P0016
P0016,PR005,business_listing,accepting_new_patients,false,28,https://example.org/business_listing/P0016
P0016,PR005,state_license,license_status,active,65,https://example.org/license/P0016
P0017,PR005,nppes,phone,555-117-2629,73,https://example.org/nppes/P0017
P0017,PR005,nppes,address,"219 Lake Dr, Suite 6, FL",62,https://example.org/nppes/P0017
P0017,PR005,nppes,specialty,neurology,132,https://example.org/nppes/P0017
P0017,PR005,nppes,accepting_new_patients,true,119,https://example.org/nppes/P0017
P0017,PR005,practice_website,phone,555-117-2629,164,https://example.org/practice_website/P0017
P0017,PR005,practice_website,address,"219 Lake Dr, Suite 6, FL",120,https://example.org/practice_website/P0017
P0017,PR005,practice_website,specialty,neurology,133,https://example.org/practice_website/P0017
P0017,PR005,practice_website,accepting_new_patients,true,38,https://example.org/practice_website/P0017
P0017,PR005,health_system,phone,555-117-2629,13,https://example.org/health_system/P0017
P0017,PR005,health_system,address,"219 Lake Dr, Suite 6, FL",59,https://example.org/health_system/P0017
P0017,PR005,health_system,specialty,neurology,173,https://example.org/health_system/P0017
P0017,PR005,health_system,accepting_new_patients,true,110,https://example.org/health_system/P0017
P0017,PR005,business_listing,phone,555-117-2629,80,https://example.org/business_listing/P0017
P0017,PR005,business_listing,address,"1262 Market St, Suite 11, FL",114,https://example.org/business_listing/P0017
P0017,PR005,business_listing,specialty,neurology,5,https://example.org/business_listing/P0017
P0017,PR005,business_listing,accepting_new_patients,true,134,https://example.org/business_listing/P0017
P0017,PR005,state_license,license_status,probation,63,https://example.org/license/P0017
P0018,PR006,nppes,phone,555-118-2666,44,https://example.org/nppes/P0018
P0018,PR006,nppes,address,"226 Main St, Suite 7, FL",119,https://example.org/nppes/P0018
P0018,PR006,nppes,specialty,,147,https://example.org/nppes/P0018
P0018,PR006,nppes,accepting_new_patients,true,43,https://example.org/nppes/P0018
P0018,PR006,practice_website,phone,555-118-2666,26,https://example.org/practice_website/P0018
P0018,PR006,practice_website,address,"226 Main St, Suite 7, FL",6,https://example.org/practice_website/P0018
P0018,PR006,practice_website,specialty,family medicine,77,https://example.org/practice_website/P0018
P0018,PR006,practice_website,accepting_new_patients,true,46,https://example.org/practice_website/P0018
P0018,PR006,health_system,phone,555-118-2666,50,https://example.org/health_system/P0018
P0018,PR006,health_system,address,"226 Main St, Suite 7, FL",92,https://example.org/health_system/P0018
P0018,PR006,health_system,specialty,family medicine,100,https://example.org/health_system/P0018
P0018,PR006,health_system,accepting_new_patients,true,20,https://example.org/health_system/P0018
P0018,PR006,business_listing,phone,555-118-2666,18,https://example.org/business_listing/P0018
P0018,PR006,business_listing,address,,67,https://example.org/business_listing/P0018
P0018,PR006,business_listing,specialty,family medicine,121,https://example.org/business_listing/P0018
P0018,PR006,business_listing,accepting_new_patients,true,43,https://example.org/business_listing/P0018
P0018,PR006,state_license,license_status,active,67,https://example.org/license/P0018
P0019,PR006,nppes,phone,555-119-2703,103,https://example.org/nppes/P0019
P0019,PR006,nppes,address,"233 Oak Ave, Suite 8, FL",158,https://example.org/nppes/P0019
P0019,PR006,nppes,specialty,,17,https://example.org/nppes/P0019
P0019,PR006,nppes,accepting_new_patients,true,79,https://example.org/nppes/P0019
P0019,PR006,practice_website,phone,555-119-2703,13,https://example.org/practice_website/P0019
P0019,PR006,practice_website,address,"233 Oak Ave, Suite 8, FL",155,https://example.org/practice_website/P0019
P0019,PR006,practice_website,specialty,cardiology,106,https://example.org/practice_website/P0019
P0019,PR006,practice_website,accepting_new_patients,true,47,https://example.org/practice_website/P0019
P0019,PR006,health_system,phone,555-119-2703,113,https://example.org/health_system/P0019
P0019,PR006,health_system,address,"233 Oak Ave, Suite 8, FL",39,https://example.org/health_system/P0019
P0019,PR006,health_system,specialty,cardiology,12,https://example.org/health_system/P0019
P0019,PR006,health_system,accepting_new_patients,true,72,https://example.org/health_system/P0019
P0019,PR006,business_listing,phone,555-119-2703,171,https://example.org/business_listing/P0019
P0019,PR006,business_listing,address,"1276 Main St, Suite 1, FL",175,https://example.org/business_listing/P0019
P0019,PR006,business_listing,specialty,cardiology,3,https://example.org/business_listing/P0019
P0019,PR006,business_listing,accepting_new_patients,true,102,https://example.org/business_listing/P0019
P0019,PR006,state_license,license_status,active,48,https://example.org/license/P0019
P0020,PR006,nppes,phone,555-120-2740,10,https://example.org/nppes/P0020
P0020,PR006,nppes,address,"240 Cedar Rd, Suite 9, FL",64,https://example.org/nppes/P0020
P0020,PR006,nppes,specialty,dermatology,101,https://example.org/nppes/P0020
P0020,PR006,nppes,accepting_new_patients,false,152,https://example.org/nppes/P0020
P0020,PR006,practice_website,phone,555-120-2740,13,https://example.org/practice_website/P0020
P0020,PR006,practice_website,address,"240 Cedar Rd, Suite 9, FL",18,https://example.org/practice_website/P0020
P0020,PR006,practice_website,specialty,,85,https://example.org/practice_website/P0020
P0020,PR006,practice_website,accepting_new_patients,false,55,https://example.org/practice_website/P0020
P0020,PR006,health_system,phone,555-120-2740,122,https://example.org/health_system/P0020
P0020,PR006,health_system,address,"240 Cedar Rd, Suite 9, FL",117,https://example.org/health_system/P0020
P0020,PR006,health_system,specialty,,155,https://example.org/health_system/P0020
P0020,PR006,health_system,accepting_new_patients,false,76,https://example.org/health_system/P0020
P0020,PR006,business_listing,phone,555-120-2740,38,https://example.org/business_listing/P0020
P0020,PR006,business_listing,address,"1283 Oak Ave, Suite 2, FL",74,https://example.org/business_listing/P0020
P0020,PR006,business_listing,specialty,dermatology,23,https://example.org/business_listing/P0020
P0020,PR006,business_listing,accepting_new_patients,,39,https://example.org/business_listing/P0020
P0020,PR006,state_license,license_status,active,36,https://example.org/license/P0020
P0021,PR007,nppes,phone,555-121-2777,166,https://example.org/nppes/P0021
P0021,PR007,nppes,address,"247 Pine Blvd, Suite 10, FL",32,https://example.org/nppes/P0021
P0021,PR007,nppes,specialty,pediatrics,143,https://example.org/nppes/P0021
P0021,PR007,nppes,accepting_new_patients,true,106,https://example.org/nppes/P0021
P0021,PR007,practice_website,phone,555-121-2777,104,https://example.org/practice_website/P0021
P0021,PR007,practice_website,address,"247 Pine Blvd, Suite 10, FL",65,https://example.org/practice_website/P0021
P0021,PR007,practice_website,specialty,pediatrics,139,https://example.org/practice_website/P0021
P0021,PR007,practice_website,accepting_new_patients,true,60,https://example.org/practice_website/P0021
P0021,PR007,health_system,phone,555-121-2777,174,https://example.org/health_system/P0021
P0021,PR007,health_system,address,"247 Pine Blvd, Suite 10, FL",63,https://example.org/health_system/P0021
P0021,PR007,health_system,specialty,pediatrics,140,https://example.org/health_system/P0021
P0021,PR007,health_system,accepting_new_patients,true,102,https://example.org/health_system/P0021
P0021,PR007,business_listing,phone,555-121-2777,178,https://example.org/business_listing/P0021
P0021,PR007,business_listing,address,"247 Pine Blvd, Suite 10, FL",11,https://example.org/business_listing/P0021
P0021,PR007,business_listing,specialty,,168,https://example.org/business_listing/P0021
P0021,PR007,business_listing,accepting_new_patients,false,123,https://example.org/business_listing/P0021
P0021,PR007,state_license,license_status,active,22,https://example.org/license/P0021
P0022,PR007,nppes,phone,555-333-3621,90,https://example.org/nppes/P0022
P0022,PR007,nppes,address,"254 Market St, Suite 11, FL",153,https://example.org/nppes/P0022
P0022,PR007,nppes,specialty,orthopedics,102,https://example.org/nppes/P0022
P0022,PR007,nppes,accepting_new_patients,true,15,https://example.org/nppes/P0022
P0022,PR007,practice_website,phone,555-122-2814,173,https://example.org/practice_website/P0022
P0022,PR007,practice_website,address,"254 Market St, Suite 11, FL",71,https://example.org/practice_website/P0022
P0022,PR007,practice_website,specialty,orthopedics,146,https://example.org/practice_website/P0022
P0022,PR007,practice_website,accepting_new_patients,true,24,https://example.org/practice_website/P0022
P0022,PR007,health_system,phone,555-122-2814,76,https://example.org/health_system/P0022
P0022,PR007,health_system,address,"254 Market St, Suite 11, FL",13,https://example.org/health_system/P0022
P0022,PR007,health_system,specialty,orthopedics,6,https://example.org/health_system/P0022
P0022,PR007,health_system,accepting_new_patients,true,142,https://example.org/health_system/P0022
P0022,PR007,business_listing,phone,555-122-2814,112,https://example.org/business_listing/P0022
P0022,PR007,business_listing,address,"1297 Pine Blvd, Suite 4, FL",89,https://example.org/business_listing/P0022
P0022,PR007,business_listing,specialty,orthopedics,63,https://example.org/business_listing/P0022
P0022,PR007,business_listing,accepting_new_patients,true,105,https://example.org/business_listing/P0022
P0022,PR007,state_license,license_status,active,58,https://example.org/license/P0022
P0023,PR007,nppes,phone,555-123-2851,66,https://example.org/nppes/P0023
P0023,PR007,nppes,address,"261 Lake Dr, Suite 12, FL",8,https://example.org/nppes/P0023
P0023,PR007,nppes,specialty,cardiology,94,https://example.org/nppes/P0023
P0023,PR007,nppes,accepting_new_patients,true,162,https://example.org/nppes/P0023
P0023,PR007,practice_website,phone,555-334-3658,168,https://example.org/practice_website/P0023
P0023,PR007,practice_website,address,"261 Lake Dr, Suite 12, FL",29,https://example.org/practice_website/P0023
P0023,PR007,practice_website,specialty,neurology,32,https://example.org/practice_website/P0023
P0023,PR007,practice_website,accepting_new_patients,true,174,https://example.org/practice_website/P0023
P0023,PR007,health_system,phone,555-123-2851,24,https://example.org/health_system/P0023
P0023,PR007,health_system,address,"261 Lake Dr, Suite 12, FL",127,https://example.org/health_system/P0023
P0023,PR007,health_system,specialty,neurology,55,https://example.org/health_system/P0023
P0023,PR007,health_system,accepting_new_patients,true,99,https://example.org/health_system/P0023
P0023,PR007,business_listing,phone,555-123-2851,155,https://example.org/business_listing/P0023
P0023,PR007,business_listing,address,"261 Lake Dr, Suite 12, FL",70,https://example.org/business_listing/P0023
P0023,PR007,business_listing,specialty,cardiology,36,https://example.org/business_listing/P0023
P0023,PR007,business_listing,accepting_new_patients,false,167,https://example.org/business_listing/P0023
P0023,PR007,state_license,license_status,active,26,https://example.org/license/P0023
P0024,PR008,nppes,phone,555-124-2888,175,https://example.org/nppes/P0024
P0024,PR008,nppes,address,,65,https://example.org/nppes/P0024
P0024,PR008,nppes,specialty,family medicine,29,https://example.org/nppes/P0024
P0024,PR008,nppes,accepting_new_patients,false,143,https://example.org/nppes/P0024
P0024,PR008,practice_website,phone,555-124-2888,37,https://example.org/practice_website/P0024
P0024,PR008,practice_website,address,"268 Main St, Suite 1, FL",86,https://example.org/practice_website/P0024
P0024,PR008,practice_website,specialty,family medicine,42,https://example.org/practice_website/P0024
P0024,PR008,practice_website,accepting_new_patients,false,111,https://example.org/practice_website/P0024
P0024,PR008,health_system,phone,555-124-2888,59,https://example.org/health_system/P0024
P0024,PR008,health_system,address,"268 Main St, Suite 1, FL",129,https://example.org/health_system/P0024
P0024,PR008,health_system,specialty,family medicine,168,https://example.org/health_system/P0024
P0024,PR008,health_system,accepting_new_patients,false,51,https://example.org/health_system/P0024
P0024,PR008,business_listing,phone,555-124-2888,179,https://example.org/business_listing/P0024
P0024,PR008,business_listing,address,"268 Main St, Suite 1, FL",130,https://example.org/business_listing/P0024
P0024,PR008,business_listing,specialty,family medicine,115,https://example.org/business_listing/P0024
P0024,PR008,business_listing,accepting_new_patients,false,144,https://example.org/business_listing/P0024
P0024,PR008,state_license,license_status,active,74,https://example.org/license/P0024
P0025,PR008,nppes,phone,555-125-2925,36,https://example.org/nppes/P0025
P0025,PR008,nppes,address,"275 Oak Ave, Suite 2, FL",154,https://example.org/nppes/P0025
P0025,PR008,nppes,specialty,cardiology,108,https://example.org/nppes/P0025
P0025,PR008,nppes,accepting_new_patients,true,77,https://example.org/nppes/P0025
P0025,PR008,practice_website,phone,555-125-2925,64,https://example.org/practice_website/P0025
P0025,PR008,practice_website,address,"275 Oak Ave, Suite 2, FL",25,https://example.org/practice_website/P0025
P0025,PR008,practice_website,specialty,cardiology,19,https://example.org/practice_website/P0025
P0025,PR008,practice_website,accepting_new_patients,true,172,https://example.org/practice_website/P0025
P0025,PR008,health_system,phone,555-125-2925,32,https://example.org/health_system/P0025
P0025,PR008,health_system,address,"275 Oak Ave, Suite 2, FL",128,https://example.org/health_system/P0025
P0025,PR008,health_system,specialty,cardiology,70,https://example.org/health_system/P0025
P0025,PR008,health_system,accepting_new_patients,true,24,https://example.org/health_system/P0025
P0025,PR008,business_listing,phone,555-125-2925,21,https://example.org/business_listing/P0025
P0025,PR008,business_listing,address,"275 Oak Ave, Suite 2, FL",147,https://example.org/business_listing/P0025
P0025,PR008,business_listing,specialty,orthopedics,63,https://example.org/business_listing/P0025
P0025,PR008,business_listing,accepting_new_patients,true,71,https://example.org/business_listing/P0025
P0025,PR008,state_license,license_status,active,33,https://example.org/license/P0025
P0026,PR008,nppes,phone,555-126-2962,25,https://example.org/nppes/P0026
P0026,PR008,nppes,address,"282 Cedar Rd, Suite 3, FL",66,https://example.org/nppes/P0026
P0026,PR008,nppes,specialty,dermatology,90,https://example.org/nppes/P0026
P0026,PR008,nppes,accepting_new_patients,true,91,https://example.org/nppes/P0026
P0026,PR008,practice_website,phone,,142,https://example.org/practice_website/P0026
P0026,PR008,practice_website,address,"282 Cedar Rd, Suite 3, FL",82,https://example.org/practice_website/P0026
P0026,PR008,practice_website,specialty,dermatology,103,https://example.org/practice_website/P0026
P0026,PR008,practice_website,accepting_new_patients,true,139,https://example.org/practice_website/P0026
P0026,PR008,health_system,phone,555-126-2962,179,https://example.org/health_system/P0026
P0026,PR008,health_system,address,"282 Cedar Rd, Suite 3, FL",113,https://example.org/health_system/P0026
P0026,PR008,health_system,specialty,dermatology,169,https://example.org/health_system/P0026
P0026,PR008,health_system,accepting_new_patients,,114,https://example.org/health_system/P0026
P0026,PR008,business_listing,phone,555-126-2962,170,https://example.org/business_listing/P0026
P0026,PR008,business_listing,address,"1325 Oak Ave, Suite 8, FL",176,https://example.org/business_listing/P0026
P0026,PR008,business_listing,specialty,neurology,49,https://example.org/business_listing/P0026
P0026,PR008,business_listing,accepting_new_patients,true,62,https://example.org/business_listing/P0026
P0026,PR008,state_license,license_status,active,86,https://example.org/license/P0026
P0027,PR009,nppes,phone,555-127-2999,140,https://example.org/nppes/P0027
P0027,PR009,nppes,address,"289 Pine Blvd, Suite 4, FL",140,https://example.org/nppes/P0027
P0027,PR009,nppes,specialty,family medicine,66,https://example.org/nppes/P0027
P0027,PR009,nppes,accepting_new_patients,false,178,https://example.org/nppes/P0027
P0027,PR009,practice_website,phone,555-127-2999,62,https://example.org/practice_website/P0027
P0027,PR009,practice_website,address,"289 Pine Blvd, Suite 4, FL",134,https://example.org/practice_website/P0027
P0027,PR009,practice_website,specialty,pediatrics,95,https://example.org/practice_website/P0027
P0027,PR009,practice_website,accepting_new_patients,true,116,https://example.org/practice_website/P0027
P0027,PR009,health_system,phone,555-127-2999,178,https://example.org/health_system/P0027
P0027,PR009,health_system,address,"289 Pine Blvd, Suite 4, FL",131,https://example.org/health_system/P0027
P0027,PR009,health_system,specialty,pediatrics,44,https://example.org/health_system/P0027
P0027,PR009,health_system,accepting_new_patients,true,53,https://example.org/health_system/P0027
P0027,PR009,business_listing,phone,555-127-2999,51,https://example.org/business_listing/P0027
P0027,PR009,business_listing,address,"289 Pine Blvd, Suite 4, FL",26,https://example.org/business_listing/P0027
P0027,PR009,business_listing,specialty,,17,https://example.org/business_listing/P0027
P0027,PR009,business_listing,accepting_new_patients,true,30,https://example.org/business_listing/P0027
P0027,PR009,state_license,license_status,active,55,https://example.org/license/P0027
P0028,PR009,nppes,phone,,153,https://example.org/nppes/P0028
P0028,PR009,nppes,address,"296 Market St, Suite 5, FL",97,https://example.org/nppes/P0028
P0028,PR009,nppes,specialty,orthopedics,137,https://example.org/nppes/P0028
P0028,PR009,nppes,accepting_new_patients,false,35,https://example.org/nppes/P0028
P0028,PR009,practice_website,phone,555-128-3036,95,https://example.org/practice_website/P0028
P0028,PR009,practice_website,address,"296 Market St, Suite 5, FL",56,https://example.org/practice_website/P0028
P0028,PR009,practice_website,specialty,orthopedics,91,https://example.org/practice_website/P0028
P0028,PR009,practice_website,accepting_new_patients,false,139,https://example.org/practice_website/P0028
P0028,PR009,health_system,phone,555-128-3036,133,https://example.org/health_system/P0028
P0028,PR009,health_system,address,"296 Market St, Suite 5, FL",146,https://example.org/health_system/P0028
P0028,PR009,health_system,specialty,orthopedics,165,https://example.org/health_system/P0028
P0028,PR009,health_system,accepting_new_patients,false,108,https://example.org/health_system/P0028
P0028,PR009,business_listing,phone,555-128-3036,75,https://example.org/business_listing/P0028
P0028,PR009,business_listing,address,"296 Market St, Suite 5, FL",140,https://example.org/business_listing/P0028
P0028,PR009,business_listing,specialty,orthopedics,55,https://example.org/business_listing/P0028
P0028,PR009,business_listing,accepting_new_patients,,83,https://example.org/business_listing/P0028
P0028,PR009,state_license,license_status,active,20,https://example.org/license/P0028
P0029,PR009,nppes,phone,,82,https://example.org/nppes/P0029
P0029,PR009,nppes,address,"303 Lake Dr, Suite 6, FL",63,https://example.org/nppes/P0029
P0029,PR009,nppes,specialty,neurology,97,https://example.org/nppes/P0029
P0029,PR009,nppes,accepting_new_patients,true,47,https://example.org/nppes/P0029
P0029,PR009,practice_website,phone,555-129-3073,144,https://example.org/practice_website/P0029
P0029,PR009,practice_website,address,"1346 Market St, Suite 11, FL",45,https://example.org/practice_website/P0029
P0029,PR009,practice_website,specialty,neurology,167,https://example.org/practice_website/P0029
P0029,PR009,practice_website,accepting_new_patients,true,96,https://example.org/practice_website/P0029
P0029,PR009,health_system,phone,555-129-3073,12,https://example.org/health_system/P0029
P0029,PR009,health_system,address,"303 Lake Dr, Suite 6, FL",64,https://example.org/health_system/P0029
P0029,PR009,health_system,specialty,neurology,149,https://example.org/health_system/P0029
P0029,PR009,health_system,accepting_new_patients,true,32,https://example.org/health_system/P0029
P0029,PR009,business_listing,phone,555-129-3073,7,https://example.org/business_listing/P0029
P0029,PR009,business_listing,address,"303 Lake Dr, Suite 6, FL",25,https://example.org/business_listing/P0029
P0029,PR009,business_listing,specialty,neurology,80,https://example.org/business_listing/P0029
P0029,PR009,business_listing,accepting_new_patients,true,94,https://example.org/business_listing/P0029
P0029,PR009,state_license,license_status,active,7,https://example.org/license/P0029
P0030,PR010,nppes,phone,555-130-3110,32,https://example.org/nppes/P0030
P0030,PR010,nppes,address,"310 Main St, Suite 7, FL",171,https://example.org/nppes/P0030
P0030,PR010,nppes,specialty,family medicine,124,https://example.org/nppes/P0030
P0030,PR010,nppes,accepting_new_patients,true,117,https://example.org/nppes/P0030
P0030,PR010,practice_website,phone,555-130-3110,163,https://example.org/practice_website/P0030
P0030,PR010,practice_website,address,"310 Main St, Suite 7, FL",29,https://example.org/practice_website/P0030
P0030,PR010,practice_website,specialty,family medicine,112,https://example.org/practice_website/P0030
P0030,PR010,practice_website,accepting_new_patients,false,11,https://example.org/practice_website/P0030
P0030,PR010,health_system,phone,555-130-3110,74,https://example.org/health_system/P0030
P0030,PR010,health_system,address,"310 Main St, Suite 7, FL",84,https://example.org/health_system/P0030
P0030,PR010,health_system,specialty,family medicine,99,https://example.org/health_system/P0030
P0030,PR010,health_system,accepting_new_patients,true,172,https://example.org/health_system/P0030
P0030,PR010,business_listing,phone,555-130-3110,96,https://example.org/business_listing/P0030
P0030,PR010,business_listing,address,"310 Main St, Suite 7, FL",61,https://example.org/business_listing/P0030
P0030,PR010,business_listing,specialty,family medicine,89,https://example.org/business_listing/P0030
P0030,PR010,business_listing,accepting_new_patients,false,106,https://example.org/business_listing/P0030
P0030,PR010,state_license,license_status,active,1,https://example.org/license/P0030
P0031,PR010,nppes,phone,,40,https://example.org/nppes/P0031
P0031,PR010,nppes,address,"317 Oak Ave, Suite 8, FL",103,https://example.org/nppes/P0031
P0031,PR010,nppes,specialty,cardiology,56,https://example.org/nppes/P0031
P0031,PR010,nppes,accepting_new_patients,true,75,https://example.org/nppes/P0031
P0031,PR010,practice_website,phone,555-131-3147,66,https://example.org/practice_website/P0031
P0031,PR010,practice_website,address,"317 Oak Ave, Suite 8, FL",179,https://example.org/practice_website/P0031
P0031,PR010,practice_website,specialty,cardiology,3,https://example.org/practice_website/P0031
P0031,PR010,practice_website,accepting_new_patients,true,178,https://example.org/practice_website/P0031
P0031,PR010,health_system,phone,555-131-3147,120,https://example.org/health_system/P0031
P0031,PR010,health_system,address,"317 Oak Ave, Suite 8, FL",150,https://example.org/health_system/P0031
P0031,PR010,health_system,specialty,cardiology,172,https://example.org/health_system/P0031
P0031,PR010,health_system,accepting_new_patients,true,49,https://example.org/health_system/P0031
P0031,PR010,business_listing,phone,555-131-3147,122,https://example.org/business_listing/P0031
P0031,PR010,business_listing,address,"317 Oak Ave, Suite 8, FL",135,https://example.org/business_listing/P0031
P0031,PR010,business_listing,specialty,cardiology,12,https://example.org/business_listing/P0031
P0031,PR010,business_listing,accepting_new_patients,,42,https://example.org/business_listing/P0031
P0031,PR010,state_license,license_status,active,10,https://example.org/license/P0031
P0032,PR010,nppes,phone,555-132-3184,33,https://example.org/nppes/P0032
P0032,PR010,nppes,address,,5,https://example.org/nppes/P0032
P0032,PR010,nppes,specialty,dermatology,153,https://example.org/nppes/P0032
P0032,PR010,nppes,accepting_new_patients,false,113,https://example.org/nppes/P0032
P0032,PR010,practice_website,phone,555-132-3184,160,https://example.org/practice_website/P0032
P0032,PR010,practice_website,address,"324 Cedar Rd, Suite 9, FL",145,https://example.org/practice_website/P0032
P0032,PR010,practice_website,specialty,dermatology,119,https://example.org/practice_website/P0032
P0032,PR010,practice_website,accepting_new_patients,false,139,https://example.org/practice_website/P0032
P0032,PR010,health_system,phone,555-343-3991,66,https://example.org/health_system/P0032
P0032,PR010,health_system,address,"1367 Oak Ave, Suite 2, FL",98,https://example.org/health_system/P0032
P0032,PR010,health_system,specialty,dermatology,116,https://example.org/health_system/P0032
P0032,PR010,health_system,accepting_new_patients,false,112,https://example.org/health_system/P0032
P0032,PR010,business_listing,phone,555-343-3991,109,https://example.org/business_listing/P0032
P0032,PR010,business_listing,address,"324 Cedar Rd, Suite 9, FL",26,https://example.org/business_listing/P0032
P0032,PR010,business_listing,specialty,neurology,148,https://example.org/business_listing/P0032
P0032,PR010,business_listing,accepting_new_patients,false,92,https://example.org/business_listing/P0032
P0032,PR010,state_license,license_status,active,2,https://example.org/license/P0032
P0033,PR011,nppes,phone,555-133-3221,36,https://example.org/nppes/P0033
P0033,PR011,nppes,address,"331 Pine Blvd, Suite 10, FL",99,https://example.org/nppes/P0033
P0033,PR011,nppes,specialty,pediatrics,91,https://example.org/nppes/P0033
P0033,PR011,nppes,accepting_new_patients,true,29,https://example.org/nppes/P0033
P0033,PR011,practice_website,phone,555-133-3221,98,https://example.org/practice_website/P0033
P0033,PR011,practice_website,address,"331 Pine Blvd, Suite 10, FL",57,https://example.org/practice_website/P0033
P0033,PR011,practice_website,specialty,pediatrics,107,https://example.org/practice_website/P0033
P0033,PR011,practice_website,accepting_new_patients,true,169,https://example.org/practice_website/P0033
P0033,PR011,health_system,phone,555-133-3221,106,https://example.org/health_system/P0033
P0033,PR011,health_system,address,"331 Pine Blvd, Suite 10, FL",112,https://example.org/health_system/P0033
P0033,PR011,health_system,specialty,pediatrics,121,https://example.org/health_system/P0033
P0033,PR011,health_system,accepting_new_patients,true,122,https://example.org/health_system/P0033
P0033,PR011,business_listing,phone,555-133-3221,6,https://example.org/business_listing/P0033
P0033,PR011,business_listing,address,"331 Pine Blvd, Suite 10, FL",152,https://example.org/business_listing/P0033
P0033,PR011,business_listing,specialty,pediatrics,64,https://example.org/business_listing/P0033
P0033,PR011,business_listing,accepting_new_patients,false,159,https://example.org/business_listing/P0033
P0033,PR011,state_license,license_status,active,12,https://example.org/license/P0033
P0034,PR011,nppes,phone,555-134-3258,10,https://example.org/nppes/P0034
P0034,PR011,nppes,address,"338 Market St, Suite 11, FL",77,https://example.org/nppes/P0034
P0034,PR011,nppes,specialty,orthopedics,7,https://example.org/nppes/P0034
P0034,PR011,nppes,accepting_new_patients,false,61,https://example.org/nppes/P0034
P0034,PR011,practice_website,phone,555-134-3258,83,https://example.org/practice_website/P0034
P0034,PR011,practice_website,address,,114,https://example.org/practice_website/P0034
P0034,PR011,practice_website,specialty,orthopedics,93,https://example.org/practice_website/P0034
P0034,PR011,practice_website,accepting_new_patients,,176,https://example.org/practice_website/P0034
P0034,PR011,health_system,phone,555-134-3258,109,https://example.org/health_system/P0034
P0034,PR011,health_system,address,"338 Market St, Suite 11, FL",133,https://example.org/health_system/P0034
P0034,PR011,health_system,specialty,orthopedics,9,https://example.org/health_system/P0034
P0034,PR011,health_system,accepting_new_patients,,15,https://example.org/health_system/P0034
P0034,PR011,business_listing,phone,555-134-3258,82,https://example.org/business_listing/P0034
P0034,PR011,business_listing,address,"338 Market St, Suite 11, FL",38,https://example.org/business_listing/P0034
P0034,PR011,business_listing,specialty,orthopedics,11,https://example.org/business_listing/P0034
P0034,PR011,business_listing,accepting_new_patients,true,131,https://example.org/business_listing/P0034
P0034,PR011,state_license,license_status,probation,45,https://example.org/license/P0034
P0035,PR011,nppes,phone,555-135-3295,31,https://example.org/nppes/P0035
P0035,PR011,nppes,address,"345 Lake Dr, Suite 12, FL",81,https://example.org/nppes/P0035
P0035,PR011,nppes,specialty,neurology,127,https://example.org/nppes/P0035
P0035,PR011,nppes,accepting_new_patients,true,55,https://example.org/nppes/P0035
P0035,PR011,practice_website,phone,555-135-3295,68,https://example.org/practice_website/P0035
P0035,PR011,practice_website,address,"345 Lake Dr, Suite 12, FL",48,https://example.org/practice_website/P0035
P0035,PR011,practice_website,specialty,neurology,11,https://example.org/practice_website/P0035
P0035,PR011,practice_website,accepting_new_patients,true,103,https://example.org/practice_website/P0035
P0035,PR011,health_system,phone,555-135-3295,171,https://example.org/health_system/P0035
P0035,PR011,health_system,address,"345 Lake Dr, Suite 12, FL",44,https://example.org/health_system/P0035
P0035,PR011,health_system,specialty,neurology,76,https://example.org/health_system/P0035
P0035,PR011,health_system,accepting_new_patients,true,129,https://example.org/health_system/P0035
P0035,PR011,business_listing,phone,555-135-3295,81,https://example.org/business_listing/P0035
P0035,PR011,business_listing,address,"345 Lake Dr, Suite 12, FL",111,https://example.org/business_listing/P0035
P0035,PR011,business_listing,specialty,dermatology,61,https://example.org/business_listing/P0035
P0035,PR011,business_listing,accepting_new_patients,true,50,https://example.org/business_listing/P0035
P0035,PR011,state_license,license_status,active,38,https://example.org/license/P0035
P0036,PR012,nppes,phone,555-136-3332,70,https://example.org/nppes/P0036
P0036,PR012,nppes,address,"352 Main St, Suite 1, FL",108,https://example.org/nppes/P0036
P0036,PR012,nppes,specialty,family medicine,178,https://example.org/nppes/P0036
P0036,PR012,nppes,accepting_new_patients,false,132,https://example.org/nppes/P0036
P0036,PR012,practice_website,phone,555-136-3332,152,https://example.org/practice_website/P0036
P0036,PR012,practice_website,address,"352 Main St, Suite 1, FL",89,https://example.org/practice_website/P0036
P0036,PR012,practice_website,specialty,family medicine,18,https://example.org/practice_website/P0036
P0036,PR012,practice_website,accepting_new_patients,true,133,https://example.org/practice_website/P0036
P0036,PR012,health_system,phone,555-136-3332,144,https://example.org/health_system/P0036
P0036,PR012,health_system,address,,119,https://example.org/health_system/P0036
P0036,PR012,health_system,specialty,family medicine,81,https://example.org/health_system/P0036
P0036,PR012,health_system,accepting_new_patients,false,165,https://example.org/health_system/P0036
P0036,PR012,business_listing,phone,555-136-3332,77,https://example.org/business_listing/P0036
P0036,PR012,business_listing,address,"352 Main St, Suite 1, FL",138,https://example.org/business_listing/P0036
P0036,PR012,business_listing,specialty,family medicine,64,https://example.org/business_listing/P0036
P0036,PR012,business_listing,accepting_new_patients,false,90,https://example.org/business_listing/P0036
P0036,PR012,state_license,license_status,active,87,https://example.org/license/P0036
P0037,PR012,nppes,phone,555-137-3369,42,https://example.org/nppes/P0037
P0037,PR012,nppes,address,"359 Oak Ave, Suite 2, FL",147,https://example.org/nppes/P0037
P0037,PR012,nppes,specialty,cardiology,48,https://example.org/nppes/P0037
P0037,PR012,nppes,accepting_new_patients,true,12,https://example.org/nppes/P0037
P0037,PR012,practice_website,phone,555-137-3369,69,https://example.org/practice_website/P0037
P0037,PR012,practice_website,address,"359 Oak Ave, Suite 2, FL",23,https://example.org/practice_website/P0037
P0037,PR012,practice_website,specialty,cardiology,89,https://example.org/practice_website/P0037
P0037,PR012,practice_website,accepting_new_patients,true,80,https://example.org/practice_website/P0037
P0037,PR012,health_system,phone,555-137-3369,139,https://example.org/health_system/P0037
P0037,PR012,health_system,address,"359 Oak Ave, Suite 2, FL",166,https://example.org/health_system/P0037
P0037,PR012,health_system,specialty,cardiology,123,https://example.org/health_system/P0037
P0037,PR012,health_system,accepting_new_patients,true,82,https://example.org/health_system/P0037
P0037,PR012,business_listing,phone,555-137-3369,107,https://example.org/business_listing/P0037
P0037,PR012,business_listing,address,"359 Oak Ave, Suite 2, FL",8,https://example.org/business_listing/P0037
P0037,PR012,business_listing,specialty,cardiology,73,https://example.org/business_listing/P0037
P0037,PR012,business_listing,accepting_new_patients,true,157,https://example.org/business_listing/P0037
P0037,PR012,state_license,license_status,active,42,https://example.org/license/P0037
P0038,PR012,nppes,phone,555-138-3406,54,https://example.org/nppes/P0038
P0038,PR012,nppes,address,"366 Cedar Rd, Suite 3, FL",56,https://example.org/nppes/P0038
P0038,PR012,nppes,specialty,dermatology,113,https://example.org/nppes/P0038
P0038,PR012,nppes,accepting_new_patients,true,49,https://example.org/nppes/P0038
P0038,PR012,practice_website,phone,555-138-3406,173,https://example.org/practice_website/P0038
P0038,PR012,practice_website,address,"366 Cedar Rd, Suite 3, FL",97,https://example.org/practice_website/P0038
P0038,PR012,practice_website,specialty,dermatology,177,https://example.org/practice_website/P0038
P0038,PR012,practice_website,accepting_new_patients,true,16,https://example.org/practice_website/P0038
P0038,PR012,health_system,phone,555-138-3406,130,https://example.org/health_system/P0038
P0038,PR012,health_system,address,"366 Cedar Rd, Suite 3, FL",9,https://example.org/health_system/P0038
P0038,PR012,health_system,specialty,dermatology,8,https://example.org/health_system/P0038
P0038,PR012,health_system,accepting_new_patients,true,161,https://example.org/health_system/P0038
P0038,PR012,business_listing,phone,555-349-4213,62,https://example.org/business_listing/P0038
P0038,PR012,business_listing,address,"366 Cedar Rd, Suite 3, FL",50,https://example.org/business_listing/P0038
P0038,PR012,business_listing,specialty,dermatology,54,https://example.org/business_listing/P0038
P0038,PR012,business_listing,accepting_new_patients,,14,https://example.org/business_listing/P0038
P0038,PR012,state_license,license_status,inactive,65,https://example.org/license/P0038
P0039,PR013,nppes,phone,555-139-3443,57,https://example.org/nppes/P0039
P0039,PR013,nppes,address,"373 Pine Blvd, Suite 4, FL",136,https://example.org/nppes/P0039
P0039,PR013,nppes,specialty,pediatrics,54,https://example.org/nppes/P0039
P0039,PR013,nppes,accepting_new_patients,true,108,https://example.org/nppes/P0039
P0039,PR013,practice_website,phone,555-139-3443,28,https://example.org/practice_website/P0039
P0039,PR013,practice_website,address,"373 Pine Blvd, Suite 4, FL",53,https://example.org/practice_website/P0039
P0039,PR013,practice_website,specialty,family medicine,6,https://example.org/practice_website/P0039
P0039,PR013,practice_website,accepting_new_patients,true,73,https://example.org/practice_website/P0039
P0039,PR013,health_system,phone,555-139-3443,76,https://example.org/health_system/P0039
P0039,PR013,health_system,address,"373 Pine Blvd, Suite 4, FL",90,https://example.org/health_system/P0039
P0039,PR013,health_system,specialty,pediatrics,39,https://example.org/health_system/P0039
P0039,PR013,health_system,accepting_new_patients,true,156,https://example.org/health_system/P0039
P0039,PR013,business_listing,phone,555-350-4250,170,https://example.org/business_listing/P0039
P0039,PR013,business_listing,address,"1416 Cedar Rd, Suite 9, FL",53,https://example.org/business_listing/P0039
P0039,PR013,business_listing,specialty,,160,https://example.org/business_listing/P0039
P0039,PR013,business_listing,accepting_new_patients,true,12,https://example.org/business_listing/P0039
P0039,PR013,state_license,license_status,active,26,https://example.org/license/P0039
P0040,PR013,nppes,phone,555-140-3480,143,https://example.org/nppes/P0040
P0040,PR013,nppes,address,,53,https://example.org/nppes/P0040
P0040,PR013,nppes,specialty,orthopedics,87,https://example.org/nppes/P0040
P0040,PR013,nppes,accepting_new_patients,false,64,https://example.org/nppes/P0040
P0040,PR013,practice_website,phone,555-140-3480,94,https://example.org/practice_website/P0040
P0040,PR013,practice_website,address,"380 Market St, Suite 5, FL",145,https://example.org/practice_website/P0040
P0040,PR013,practice_website,specialty,orthopedics,157,https://example.org/practice_website/P0040
P0040,PR013,practice_website,accepting_new_patients,false,103,https://example.org/practice_website/P0040
P0040,PR013,health_system,phone,555-140-3480,3,https://example.org/health_system/P0040
P0040,PR013,health_system,address,"380 Market St, Suite 5, FL",153,https://example.org/health_system/P0040
P0040,PR013,health_system,specialty,,107,https://example.org/health_system/P0040
P0040,PR013,health_system,accepting_new_patients,false,72,https://example.org/health_system/P0040
P0040,PR013,business_listing,phone,555-140-3480,35,https://example.org/business_listing/P0040
P0040,PR013,business_listing,address,"380 Market St, Suite 5, FL",71,https://example.org/business_listing/P0040
P0040,PR013,business_listing,specialty,orthopedics,145,https://example.org/business_listing/P0040
P0040,PR013,business_listing,accepting_new_patients,false,163,https://example.org/business_listing/P0040
P0040,PR013,state_license,license_status,active,87,https://example.org/license/P0040
P0041,PR013,nppes,phone,555-141-3517,71,https://example.org/nppes/P0041
P0041,PR013,nppes,address,"387 Lake Dr, Suite 6, FL",44,https://example.org/nppes/P0041
P0041,PR013,nppes,specialty,neurology,151,https://example.org/nppes/P0041
P0041,PR013,nppes,accepting_new_patients,true,19,https://example.org/nppes/P0041
P0041,PR013,practice_website,phone,555-141-3517,12,https://example.org/practice_website/P0041
P0041,PR013,practice_website,address,"387 Lake Dr, Suite 6, FL",149,https://example.org/practice_website/P0041
P0041,PR013,practice_website,specialty,neurology,35,https://example.org/practice_website/P0041
P0041,PR013,practice_website,accepting_new_patients,true,120,https://example.org/practice_website/P0041
P0041,PR013,health_system,phone,555-141-3517,62,https://example.org/health_system/P0041
P0041,PR013,health_system,address,"1430 Market St, Suite 11, FL",87,https://example.org/health_system/P0041
P0041,PR013,health_system,specialty,neurology,112,https://example.org/health_system/P0041
P0041,PR013,health_system,accepting_new_patients,true,130,https://example.org/health_system/P0041
P0041,PR013,business_listing,phone,555-141-3517,20,https://example.org/business_listing/P0041
P0041,PR013,business_listing,address,"387 Lake Dr, Suite 6, FL",50,https://example.org/business_listing/P0041
P0041,PR013,business_listing,specialty,neurology,4,https://example.org/business_listing/P0041
P0041,PR013,business_listing,accepting_new_patients,true,132,https://example.org/business_listing/P0041
P0041,PR013,state_license,license_status,active,65,https://example.org/license/P0041
P0042,PR014,nppes,phone,555-142-3554,81,https://example.org/nppes/P0042
P0042,PR014,nppes,address,"394 Main St, Suite 7, FL",68,https://example.org/nppes/P0042
P0042,PR014,nppes,specialty,family medicine,36,https://example.org/nppes/P0042
P0042,PR014,nppes,accepting_new_patients,true,8,https://example.org/nppes/P0042
P0042,PR014,practice_website,phone,555-142-3554,147,https://example.org/practice_website/P0042
P0042,PR014,practice_website,address,"394 Main St, Suite 7, FL",35,https://example.org/practice_website/P0042
P0042,PR014,practice_website,specialty,family medicine,73,https://example.org/practice_website/P0042
P0042,PR014,practice_website,accepting_new_patients,true,134,https://example.org/practice_website/P0042
P0042,PR014,health_system,phone,555-353-4361,147,https://example.org/health_system/P0042
P0042,PR014,health_system,address,"394 Main St, Suite 7, FL",152,https://example.org/health_system/P0042
P0042,PR014,health_system,specialty,family medicine,11,https://example.org/health_system/P0042
P0042,PR014,health_system,accepting_new_patients,true,157,https://example.org/health_system/P0042
P0042,PR014,business_listing,phone,555-142-3554,23,https://example.org/business_listing/P0042
P0042,PR014,business_listing,address,"394 Main St, Suite 7, FL",179,https://example.org/business_listing/P0042
P0042,PR014,business_listing,specialty,family medicine,40,https://example.org/business_listing/P0042
P0042,PR014,business_listing,accepting_new_patients,true,173,https://example.org/business_listing/P0042
P0042,PR014,state_license,license_status,active,82,https://example.org/license/P0042
P0043,PR014,nppes,phone,555-143-3591,111,https://example.org/nppes/P0043
P0043,PR014,nppes,address,"1444 Main St, Suite 1, FL",115,https://example.org/nppes/P0043
P0043,PR014,nppes,specialty,cardiology,60,https://example.org/nppes/P0043
P0043,PR014,nppes,accepting_new_patients,true,4,https://example.org/nppes/P0043
P0043,PR014,practice_website,phone,555-143-3591,159,https://example.org/practice_website/P0043
P0043,PR014,practice_website,address,"401 Oak Ave, Suite 8, FL",68,https://example.org/practice_website/P0043
P0043,PR014,practice_website,specialty,cardiology,21,https://example.org/practice_website/P0043
P0043,PR014,practice_website,accepting_new_patients,true,116,https://example.org/practice_website/P0043
P0043,PR014,health_system,phone,555-244-7328,157,https://example.org/health_system/P0043
P0043,PR014,health_system,address,"401 Oak Ave, Suite 8, FL",7,https://example.org/health_system/P0043
P0043,PR014,health_system,specialty,cardiology,86,https://example.org/health_system/P0043
P0043,PR014,health_system,accepting_new_patients,true,9,https://example.org/health_system/P0043
P0043,PR014,business_listing,phone,555-244-7328,86,https://example.org/business_listing/P0043
P0043,PR014,business_listing,address,"401 Oak Ave, Suite 8, FL",149,https://example.org/business_listing/P0043
P0043,PR014,business_listing,specialty,orthopedics,69,https://example.org/business_listing/P0043
P0043,PR014,business_listing,accepting_new_patients,false,6,https://example.org/business_listing/P0043
P0043,PR014,state_license,license_status,active,54,https://example.org/license/P0043
P0044,PR014,nppes,phone,555-144-3628,81,https://example.org/nppes/P0044
P0044,PR014,nppes,address,"408 Cedar Rd, Suite 9, FL",140,https://example.org/nppes/P0044
P0044,PR014,nppes,specialty,dermatology,118,https://example.org/nppes/P0044
P0044,PR014,nppes,accepting_new_patients,false,103,https://example.org/nppes/P0044
P0044,PR014,practice_website,phone,555-144-3628,171,https://example.org/practice_website/P0044
P0044,PR014,practice_website,address,"1451 Oak Ave, Suite 2, FL",84,https://example.org/practice_website/P0044
P0044,PR014,practice_website,specialty,dermatology,111,https://example.org/practice_website/P0044
P0044,PR014,practice_website,accepting_new_patients,false,57,https://example.org/practice_website/P0044
P0044,PR014,health_system,phone,555-144-3628,139,https://example.org/health_system/P0044
P0044,PR014,health_system,address,"408 Cedar Rd, Suite 9, FL",64,https://example.org/health_system/P0044
P0044,PR014,health_system,specialty,dermatology,158,https://example.org/health_system/P0044
P0044,PR014,health_system,accepting_new_patients,false,63,https://example.org/health_system/P0044
P0044,PR014,business_listing,phone,555-144-3628,62,https://example.org/business_listing/P0044
P0044,PR014,business_listing,address,"408 Cedar Rd, Suite 9, FL",126,https://example.org/business_listing/P0044
P0044,PR014,business_listing,specialty,dermatology,94,https://example.org/business_listing/P0044
P0044,PR014,business_listing,accepting_new_patients,true,149,https://example.org/business_listing/P0044
P0044,PR014,state_license,license_status,active,68,https://example.org/license/P0044
P0045,PR015,nppes,phone,555-145-3665,62,https://example.org/nppes/P0045
P0045,PR015,nppes,address,"415 Pine Blvd, Suite 10, FL",131,https://example.org/nppes/P0045
P0045,PR015,nppes,specialty,pediatrics,72,https://example.org/nppes/P0045
P0045,PR015,nppes,accepting_new_patients,true,134,https://example.org/nppes/P0045
P0045,PR015,practice_website,phone,555-145-3665,58,https://example.org/practice_website/P0045
P0045,PR015,practice_website,address,"415 Pine Blvd, Suite 10, FL",151,https://example.org/practice_website/P0045
P0045,PR015,practice_website,specialty,pediatrics,110,https://example.org/practice_website/P0045
P0045,PR015,practice_website,accepting_new_patients,true,14,https://example.org/practice_website/P0045
P0045,PR015,health_system,phone,555-145-3665,57,https://example.org/health_system/P0045
P0045,PR015,health_system,address,"415 Pine Blvd, Suite 10, FL",105,https://example.org/health_system/P0045
P0045,PR015,health_system,specialty,pediatrics,105,https://example.org/health_system/P0045
P0045,PR015,health_system,accepting_new_patients,true,153,https://example.org/health_system/P0045
P0045,PR015,business_listing,phone,555-145-3665,32,https://example.org/business_listing/P0045
P0045,PR015,business_listing,address,"415 Pine Blvd, Suite 10, FL",47,https://example.org/business_listing/P0045
P0045,PR015,business_listing,specialty,pediatrics,33,https://example.org/business_listing/P0045
P0045,PR015,business_listing,accepting_new_patients,true,31,https://example.org/business_listing/P0045
P0045,PR015,state_license,license_status,active,76,https://example.org/license/P0045
P0046,PR015,nppes,phone,555-146-3702,124,https://example.org/nppes/P0046
P0046,PR015,nppes,address,"422 Market St, Suite 11, FL",57,https://example.org/nppes/P0046
P0046,PR015,nppes,specialty,orthopedics,42,https://example.org/nppes/P0046
P0046,PR015,nppes,accepting_new_patients,true,7,https://example.org/nppes/P0046
P0046,PR015,practice_website,phone,555-146-3702,155,https://example.org/practice_website/P0046
P0046,PR015,practice_website,address,"933 Lake Dr, Suite 12, FL",166,https://example.org/practice_website/P0046
P0046,PR015,practice_website,specialty,orthopedics,145,https://example.org/practice_website/P0046
P0046,PR015,practice_website,accepting_new_patients,true,30,https://example.org/practice_website/P0046
P0046,PR015,health_system,phone,555-357-4509,72,https://example.org/health_system/P0046
P0046,PR015,health_system,address,"422 Market St, Suite 11, FL",107,https://example.org/health_system/P0046
P0046,PR015,health_system,specialty,orthopedics,83,https://example.org/health_system/P0046
P0046,PR015,health_system,accepting_new_patients,true,96,https://example.org/health_system/P0046
P0046,PR015,business_listing,phone,555-146-3702,33,https://example.org/business_listing/P0046
P0046,PR015,business_listing,address,"1465 Pine Blvd, Suite 4, FL",178,https://example.org/business_listing/P0046
P0046,PR015,business_listing,specialty,orthopedics,7,https://example.org/business_listing/P0046
P0046,PR015,business_listing,accepting_new_patients,true,163,https://example.org/business_listing/P0046
P0046,PR015,state_license,license_status,active,78,https://example.org/license/P0046
P0047,PR015,nppes,phone,555-147-3739,135,https://example.org/nppes/P0047
P0047,PR015,nppes,address,"429 Lake Dr, Suite 12, FL",165,https://example.org/nppes/P0047
P0047,PR015,nppes,specialty,neurology,11,https://example.org/nppes/P0047
P0047,PR015,nppes,accepting_new_patients,true,151,https://example.org/nppes/P0047
P0047,PR015,practice_website,phone,555-358-4546,109,https://example.org/practice_website/P0047
P0047,PR015,practice_website,address,"429 Lake Dr, Suite 12, FL",65,https://example.org/practice_website/P0047
P0047,PR015,practice_website,specialty,neurology,18,https://example.org/practice_website/P0047
P0047,PR015,practice_website,accepting_new_patients,true,115,https://example.org/practice_website/P0047
P0047,PR015,health_system,phone,555-147-3739,82,https://example.org/health_system/P0047
P0047,PR015,health_system,address,"429 Lake Dr, Suite 12, FL",70,https://example.org/health_system/P0047
P0047,PR015,health_system,specialty,neurology,95,https://example.org/health_system/P0047
P0047,PR015,health_system,accepting_new_patients,true,113,https://example.org/health_system/P0047
P0047,PR015,business_listing,phone,555-147-3739,82,https://example.org/business_listing/P0047
P0047,PR015,business_listing,address,"429 Lake Dr, Suite 12, FL",108,https://example.org/business_listing/P0047
P0047,PR015,business_listing,specialty,dermatology,5,https://example.org/business_listing/P0047
P0047,PR015,business_listing,accepting_new_patients,,10,https://example.org/business_listing/P0047
P0047,PR015,state_license,license_status,active,43,https://example.org/license/P0047
P0048,PR016,nppes,phone,555-148-3776,101,https://example.org/nppes/P0048
P0048,PR016,nppes,address,"436 Main St, Suite 1, FL",110,https://example.org/nppes/P0048
P0048,PR016,nppes,specialty,family medicine,11,https://example.org/nppes/P0048
P0048,PR016,nppes,accepting_new_patients,false,94,https://example.org/nppes/P0048
P0048,PR016,practice_website,phone,555-148-3776,133,https://example.org/practice_website/P0048
P0048,PR016,practice_website,address,"436 Main St, Suite 1, FL",171,https://example.org/practice_website/P0048
P0048,PR016,practice_website,specialty,,117,https://example.org/practice_website/P0048
P0048,PR016,practice_website,accepting_new_patients,false,137,https://example.org/practice_website/P0048
P0048,PR016,health_system,phone,555-148-3776,45,https://example.org/health_system/P0048
P0048,PR016,health_system,address,"947 Oak Ave, Suite 2, FL",112,https://example.org/health_system/P0048
P0048,PR016,health_system,specialty,family medicine,69,https://example.org/health_system/P0048
P0048,PR016,health_system,accepting_new_patients,false,172,https://example.org/health_system/P0048
P0048,PR016,business_listing,phone,555-148-3776,78,https://example.org/business_listing/P0048
P0048,PR016,business_listing,address,"436 Main St, Suite 1, FL",75,https://example.org/business_listing/P0048
P0048,PR016,business_listing,specialty,family medicine,75,https://example.org/business_listing/P0048
P0048,PR016,business_listing,accepting_new_patients,true,160,https://example.org/business_listing/P0048
P0048,PR016,state_license,license_status,active,41,https://example.org/license/P0048
P0049,PR016,nppes,phone,555-149-3813,23,https://example.org/nppes/P0049
P0049,PR016,nppes,address,,50,https://example.org/nppes/P0049
P0049,PR016,nppes,specialty,cardiology,56,https://example.org/nppes/P0049
P0049,PR016,nppes,accepting_new_patients,,60,https://example.org/nppes/P0049
P0049,PR016,practice_website,phone,555-360-4620,36,https://example.org/practice_website/P0049
P0049,PR016,practice_website,address,"443 Oak Ave, Suite 2, FL",28,https://example.org/practice_website/P0049
P0049,PR016,practice_website,specialty,cardiology,73,https://example.org/practice_website/P0049
P0049,PR016,practice_website,accepting_new_patients,true,38,https://example.org/practice_website/P0049
P0049,PR016,health_system,phone,555-149-3813,87,https://example.org/health_system/P0049
P0049,PR016,health_system,address,,69,https://example.org/health_system/P0049
P0049,PR016,health_system,specialty,cardiology,157,https://example.org/health_system/P0049
P0049,PR016,health_system,accepting_new_patients,true,28,https://example.org/health_system/P0049
P0049,PR016,business_listing,phone,555-360-4620,158,https://example.org/business_listing/P0049
P0049,PR016,business_listing,address,,8,https://example.org/business_listing/P0049
P0049,PR016,business_listing,specialty,,32,https://example.org/business_listing/P0049
P0049,PR016,business_listing,accepting_new_patients,true,106,https://example.org/business_listing/P0049
P0049,PR016,state_license,license_status,active,46,https://example.org/license/P0049
P0050,PR016,nppes,phone,555-150-3850,107,https://example.org/nppes/P0050
P0050,PR016,nppes,address,"450 Cedar Rd, Suite 3, FL",128,https://example.org/nppes/P0050
P0050,PR016,nppes,specialty,neurology,17,https://example.org/nppes/P0050
P0050,PR016,nppes,accepting_new_patients,true,120,https://example.org/nppes/P0050
P0050,PR016,practice_website,phone,555-150-3850,52,https://example.org/practice_website/P0050
P0050,PR016,practice_website,address,"450 Cedar Rd, Suite 3, FL",18,https://example.org/practice_website/P0050
P0050,PR016,practice_website,specialty,dermatology,140,https://example.org/practice_website/P0050
P0050,PR016,practice_website,accepting_new_patients,,59,https://example.org/practice_website/P0050
P0050,PR016,health_system,phone,555-150-3850,46,https://example.org/health_system/P0050
P0050,PR016,health_system,address,"450 Cedar Rd, Suite 3, FL",166,https://example.org/health_system/P0050
P0050,PR016,health_system,specialty,dermatology,98,https://example.org/health_system/P0050
P0050,PR016,health_system,accepting_new_patients,true,47,https://example.org/health_system/P0050
P0050,PR016,business_listing,phone,555-150-3850,24,https://example.org/business_listing/P0050
P0050,PR016,business_listing,address,"450 Cedar Rd, Suite 3, FL",110,https://example.org/business_listing/P0050
P0050,PR016,business_listing,specialty,dermatology,157,https://example.org/business_listing/P0050
P0050,PR016,business_listing,accepting_new_patients,false,90,https://example.org/business_listing/P0050
P0050,PR016,state_license,license_status,active,6,https://example.org/license/P0050
P0051,PR017,nppes,phone,555-151-3887,167,https://example.org/nppes/P0051
P0051,PR017,nppes,address,"457 Pine Blvd, Suite 4, FL",148,https://example.org/nppes/P0051
P0051,PR017,nppes,specialty,pediatrics,154,https://example.org/nppes/P0051
P0051,PR017,nppes,accepting_new_patients,true,176,https://example.org/nppes/P0051
P0051,PR017,practice_website,phone,555-151-3887,72,https://example.org/practice_website/P0051
P0051,PR017,practice_website,address,"1500 Cedar Rd, Suite 9, FL",139,https://example.org/practice_website/P0051
P0051,PR017,practice_website,specialty,pediatrics,88,https://example.org/practice_website/P0051
P0051,PR017,practice_website,accepting_new_patients,true,137,https://example.org/practice_website/P0051
P0051,PR017,health_system,phone,555-362-4694,79,https://example.org/health_system/P0051
P0051,PR017,health_system,address,"457 Pine Blvd, Suite 4, FL",43,https://example.org/health_system/P0051
P0051,PR017,health_system,specialty,pediatrics,71,https://example.org/health_system/P0051
P0051,PR017,health_system,accepting_new_patients,true,49,https://example.org/health_system/P0051
P0051,PR017,business_listing,phone,555-362-4694,70,https://example.org/business_listing/P0051
P0051,PR017,business_listing,address,"457 Pine Blvd, Suite 4, FL",42,https://example.org/business_listing/P0051
P0051,PR017,business_listing,specialty,family medicine,161,https://example.org/business_listing/P0051
P0051,PR017,business_listing,accepting_new_patients,true,69,https://example.org/business_listing/P0051
P0051,PR017,state_license,license_status,probation,19,https://example.org/license/P0051
P0052,PR017,nppes,phone,555-152-3924,175,https://example.org/nppes/P0052
P0052,PR017,nppes,address,"464 Market St, Suite 5, FL",148,https://example.org/nppes/P0052
P0052,PR017,nppes,specialty,orthopedics,117,https://example.org/nppes/P0052
P0052,PR017,nppes,accepting_new_patients,false,91,https://example.org/nppes/P0052
P0052,PR017,practice_website,phone,555-152-3924,50,https://example.org/practice_website/P0052
P0052,PR017,practice_website,address,"464 Market St, Suite 5, FL",164,https://example.org/practice_website/P0052
P0052,PR017,practice_website,specialty,orthopedics,74,https://example.org/practice_website/P0052
P0052,PR017,practice_website,accepting_new_patients,false,97,https://example.org/practice_website/P0052
P0052,PR017,health_system,phone,555-152-3924,130,https://example.org/health_system/P0052
P0052,PR017,health_system,address,"464 Market St, Suite 5, FL",44,https://example.org/health_system/P0052
P0052,PR017,health_system,specialty,orthopedics,41,https://example.org/health_system/P0052
P0052,PR017,health_system,accepting_new_patients,false,84,https://example.org/health_system/P0052
P0052,PR017,business_listing,phone,555-152-3924,82,https://example.org/business_listing/P0052
P0052,PR017,business_listing,address,"464 Market St, Suite 5, FL",24,https://example.org/business_listing/P0052
P0052,PR017,business_listing,specialty,cardiology,84,https://example.org/business_listing/P0052
P0052,PR017,business_listing,accepting_new_patients,true,41,https://example.org/business_listing/P0052
P0052,PR017,state_license,license_status,active,18,https://example.org/license/P0052
P0053,PR017,nppes,phone,555-153-3961,105,https://example.org/nppes/P0053
P0053,PR017,nppes,address,"471 Lake Dr, Suite 6, FL",61,https://example.org/nppes/P0053
P0053,PR017,nppes,specialty,neurology,107,https://example.org/nppes/P0053
P0053,PR017,nppes,accepting_new_patients,true,118,https://example.org/nppes/P0053
P0053,PR017,practice_website,phone,555-153-3961,117,https://example.org/practice_website/P0053
P0053,PR017,practice_website,address,"471 Lake Dr, Suite 6, FL",30,https://example.org/practice_website/P0053
P0053,PR017,practice_website,specialty,neurology,47,https://example.org/practice_website/P0053
P0053,PR017,practice_website,accepting_new_patients,true,24,https://example.org/practice_website/P0053
P0053,PR017,health_system,phone,,50,https://example.org/health_system/P0053
P0053,PR017,health_system,address,,130,https://example.org/health_system/P0053
P0053,PR017,health_system,specialty,neurology,107,https://example.org/health_system/P0053
P0053,PR017,health_system,accepting_new_patients,true,32,https://example.org/health_system/P0053
P0053,PR017,business_listing,phone,555-153-3961,28,https://example.org/business_listing/P0053
P0053,PR017,business_listing,address,"1514 Market St, Suite 11, FL",154,https://example.org/business_listing/P0053
P0053,PR017,business_listing,specialty,dermatology,87,https://example.org/business_listing/P0053
P0053,PR017,business_listing,accepting_new_patients,false,61,https://example.org/business_listing/P0053
P0053,PR017,state_license,license_status,active,70,https://example.org/license/P0053
P0054,PR018,nppes,phone,555-154-3998,176,https://example.org/nppes/P0054
P0054,PR018,nppes,address,"478 Main St, Suite 7, FL",13,https://example.org/nppes/P0054
P0054,PR018,nppes,specialty,family medicine,35,https://example.org/nppes/P0054
P0054,PR018,nppes,accepting_new_patients,true,87,https://example.org/nppes/P0054
P0054,PR018,practice_website,phone,555-154-3998,122,https://example.org/practice_website/P0054
P0054,PR018,practice_website,address,"478 Main St, Suite 7, FL",137,https://example.org/practice_website/P0054
P0054,PR018,practice_website,specialty,,47,https://example.org/practice_website/P0054
P0054,PR018,practice_website,accepting_new_patients,true,27,https://example.org/practice_website/P0054
P0054,PR018,health_system,phone,,27,https://example.org/health_system/P0054
P0054,PR018,health_system,address,"478 Main St, Suite 7, FL",137,https://example.org/health_system/P0054
P0054,PR018,health_system,specialty,family medicine,71,https://example.org/health_system/P0054
P0054,PR018,health_system,accepting_new_patients,true,146,https://example.org/health_system/P0054
P0054,PR018,business_listing,phone,555-154-3998,165,https://example.org/business_listing/P0054
P0054,PR018,business_listing,address,"1521 Lake Dr, Suite 12, FL",176,https://example.org/business_listing/P0054
P0054,PR018,business_listing,specialty,family medicine,18,https://example.org/business_listing/P0054
P0054,PR018,business_listing,accepting_new_patients,true,47,https://example.org/business_listing/P0054
P0054,PR018,state_license,license_status,active,32,https://example.org/license/P0054
P0055,PR018,nppes,phone,555-155-4035,97,https://example.org/nppes/P0055
P0055,PR018,nppes,address,"485 Oak Ave, Suite 8, FL",146,https://example.org/nppes/P0055
P0055,PR018,nppes,specialty,cardiology,54,https://example.org/nppes/P0055
P0055,PR018,nppes,accepting_new_patients,true,117,https://example.org/nppes/P0055
P0055,PR018,practice_website,phone,555-366-4842,4,https://example.org/practice_website/P0055
P0055,PR018,practice_website,address,"485 Oak Ave, Suite 8, FL",25,https://example.org/practice_website/P0055
P0055,PR018,practice_website,specialty,cardiology,128,https://example.org/practice_website/P0055
P0055,PR018,practice_website,accepting_new_patients,true,165,https://example.org/practice_website/P0055
P0055,PR018,health_system,phone,555-155-4035,55,https://example.org/health_system/P0055
P0055,PR018,health_system,address,"485 Oak Ave, Suite 8, FL",86,https://example.org/health_system/P0055
P0055,PR018,health_system,specialty,orthopedics,17,https://example.org/health_system/P0055
P0055,PR018,health_system,accepting_new_patients,,20,https://example.org/health_system/P0055
P0055,PR018,business_listing,phone,555-256-7772,4,https://example.org/business_listing/P0055
P0055,PR018,business_listing,address,"485 Oak Ave, Suite 8, FL",86,https://example.org/business_listing/P0055
P0055,PR018,business_listing,specialty,cardiology,169,https://example.org/business_listing/P0055
P0055,PR018,business_listing,accepting_new_patients,true,172,https://example.org/business_listing/P0055
P0055,PR018,state_license,license_status,active,50,https://example.org/license/P0055
P0056,PR018,nppes,phone,555-156-4072,147,https://example.org/nppes/P0056
P0056,PR018,nppes,address,,8,https://example.org/nppes/P0056
P0056,PR018,nppes,specialty,dermatology,51,https://example.org/nppes/P0056
P0056,PR018,nppes,accepting_new_patients,false,25,https://example.org/nppes/P0056
P0056,PR018,practice_website,phone,555-156-4072,79,https://example.org/practice_website/P0056
P0056,PR018,practice_website,address,"492 Cedar Rd, Suite 9, FL",67,https://example.org/practice_website/P0056
P0056,PR018,practice_website,specialty,,136,https://example.org/practice_website/P0056
P0056,PR018,practice_website,accepting_new_patients,false,156,https://example.org/practice_website/P0056
P0056,PR018,health_system,phone,555-367-4879,179,https://example.org/health_system/P0056
P0056,PR018,health_system,address,"492 Cedar Rd, Suite 9, FL",22,https://example.org/health_system/P0056
P0056,PR018,health_system,specialty,dermatology,168,https://example.org/health_system/P0056
P0056,PR018,health_system,accepting_new_patients,false,156,https://example.org/health_system/P0056
P0056,PR018,business_listing,phone,,20,https://example.org/business_listing/P0056
P0056,PR018,business_listing,address,"492 Cedar Rd, Suite 9, FL",99,https://example.org/business_listing/P0056
P0056,PR018,business_listing,specialty,dermatology,109,https://example.org/business_listing/P0056
P0056,PR018,business_listing,accepting_new_patients,false,87,https://example.org/business_listing/P0056
P0056,PR018,state_license,license_status,active,25,https://example.org/license/P0056
P0057,PR019,nppes,phone,555-157-4109,61,https://example.org/nppes/P0057
P0057,PR019,nppes,address,"499 Pine Blvd, Suite 10, FL",95,https://example.org/nppes/P0057
P0057,PR019,nppes,specialty,pediatrics,36,https://example.org/nppes/P0057
P0057,PR019,nppes,accepting_new_patients,true,20,https://example.org/nppes/P0057
P0057,PR019,practice_website,phone,555-157-4109,160,https://example.org/practice_website/P0057
P0057,PR019,practice_website,address,"1542 Cedar Rd, Suite 3, FL",7,https://example.org/practice_website/P0057
P0057,PR019,practice_website,specialty,pediatrics,168,https://example.org/practice_website/P0057
P0057,PR019,practice_website,accepting_new_patients,true,87,https://example.org/practice_website/P0057
P0057,PR019,health_system,phone,555-157-4109,24,https://example.org/health_system/P0057
P0057,PR019,health_system,address,"499 Pine Blvd, Suite 10, FL",58,https://example.org/health_system/P0057
P0057,PR019,health_system,specialty,pediatrics,95,https://example.org/health_system/P0057
P0057,PR019,health_system,accepting_new_patients,true,8,https://example.org/health_system/P0057
P0057,PR019,business_listing,phone,555-368-4916,95,https://example.org/business_listing/P0057
P0057,PR019,business_listing,address,"499 Pine Blvd, Suite 10, FL",82,https://example.org/business_listing/P0057
P0057,PR019,business_listing,specialty,pediatrics,102,https://example.org/business_listing/P0057
P0057,PR019,business_listing,accepting_new_patients,true,123,https://example.org/business_listing/P0057
P0057,PR019,state_license,license_status,active,79,https://example.org/license/P0057
P0058,PR019,nppes,phone,,26,https://example.org/nppes/P0058
P0058,PR019,nppes,address,"506 Market St, Suite 11, FL",131,https://example.org/nppes/P0058
P0058,PR019,nppes,specialty,orthopedics,21,https://example.org/nppes/P0058
P0058,PR019,nppes,accepting_new_patients,true,10,https://example.org/nppes/P0058
P0058,PR019,practice_website,phone,555-158-4146,158,https://example.org/practice_website/P0058
P0058,PR019,practice_website,address,"506 Market St, Suite 11, FL",179,https://example.org/practice_website/P0058
P0058,PR019,practice_website,specialty,cardiology,25,https://example.org/practice_website/P0058
P0058,PR019,practice_website,accepting_new_patients,true,129,https://example.org/practice_website/P0058
P0058,PR019,health_system,phone,555-158-4146,12,https://example.org/health_system/P0058
P0058,PR019,health_system,address,"506 Market St, Suite 11, FL",64,https://example.org/health_system/P0058
P0058,PR019,health_system,specialty,orthopedics,96,https://example.org/health_system/P0058
P0058,PR019,health_system,accepting_new_patients,true,162,https://example.org/health_system/P0058
P0058,PR019,business_listing,phone,555-369-4953,177,https://example.org/business_listing/P0058
P0058,PR019,business_listing,address,,107,https://example.org/business_listing/P0058
P0058,PR019,business_listing,specialty,,108,https://example.org/business_listing/P0058
P0058,PR019,business_listing,accepting_new_patients,true,5,https://example.org/business_listing/P0058
P0058,PR019,state_license,license_status,active,61,https://example.org/license/P0058
P0059,PR019,nppes,phone,555-159-4183,146,https://example.org/nppes/P0059
P0059,PR019,nppes,address,"513 Lake Dr, Suite 12, FL",101,https://example.org/nppes/P0059
P0059,PR019,nppes,specialty,neurology,7,https://example.org/nppes/P0059
P0059,PR019,nppes,accepting_new_patients,true,5,https://example.org/nppes/P0059
P0059,PR019,practice_website,phone,555-159-4183,18,https://example.org/practice_website/P0059
P0059,PR019,practice_website,address,"513 Lake Dr, Suite 12, FL",143,https://example.org/practice_website/P0059
P0059,PR019,practice_website,specialty,neurology,143,https://example.org/practice_website/P0059
P0059,PR019,practice_website,accepting_new_patients,true,100,https://example.org/practice_website/P0059
P0059,PR019,health_system,phone,555-159-4183,54,https://example.org/health_system/P0059
P0059,PR019,health_system,address,"513 Lake Dr, Suite 12, FL",102,https://example.org/health_system/P0059
P0059,PR019,health_system,specialty,neurology,40,https://example.org/health_system/P0059
P0059,PR019,health_system,accepting_new_patients,true,122,https://example.org/health_system/P0059
P0059,PR019,business_listing,phone,555-370-4990,96,https://example.org/business_listing/P0059
P0059,PR019,business_listing,address,"513 Lake Dr, Suite 12, FL",110,https://example.org/business_listing/P0059
P0059,PR019,business_listing,specialty,neurology,162,https://example.org/business_listing/P0059
P0059,PR019,business_listing,accepting_new_patients,false,75,https://example.org/business_listing/P0059
P0059,PR019,state_license,license_status,active,3,https://example.org/license/P0059
P0060,PR020,nppes,phone,555-160-4220,102,https://example.org/nppes/P0060
P0060,PR020,nppes,address,"520 Main St, Suite 1, FL",24,https://example.org/nppes/P0060
P0060,PR020,nppes,specialty,family medicine,177,https://example.org/nppes/P0060
P0060,PR020,nppes,accepting_new_patients,false,146,https://example.org/nppes/P0060
P0060,PR020,practice_website,phone,555-160-4220,138,https://example.org/practice_website/P0060
P0060,PR020,practice_website,address,"520 Main St, Suite 1, FL",122,https://example.org/practice_website/P0060
P0060,PR020,practice_website,specialty,family medicine,21,https://example.org/practice_website/P0060
P0060,PR020,practice_website,accepting_new_patients,false,2,https://example.org/practice_website/P0060
P0060,PR020,health_system,phone,555-160-4220,31,https://example.org/health_system/P0060
P0060,PR020,health_system,address,"520 Main St, Suite 1, FL",62,https://example.org/health_system/P0060
P0060,PR020,health_system,specialty,family medicine,160,https://example.org/health_system/P0060
P0060,PR020,health_system,accepting_new_patients,false,175,https://example.org/health_system/P0060
P0060,PR020,business_listing,phone,555-160-4220,179,https://example.org/business_listing/P0060
P0060,PR020,business_listing,address,"520 Main St, Suite 1, FL",51,https://example.org/business_listing/P0060
P0060,PR020,business_listing,specialty,family medicine,54,https://example.org/business_listing/P0060
P0060,PR020,business_listing,accepting_new_patients,false,109,https://example.org/business_listing/P0060
P0060,PR020,state_license,license_status,active,45,https://example.org/license/P0060
P0061,PR020,nppes,phone,555-161-4257,141,https://example.org/nppes/P0061
P0061,PR020,nppes,address,"527 Oak Ave, Suite 2, FL",155,https://example.org/nppes/P0061
P0061,PR020,nppes,specialty,cardiology,160,https://example.org/nppes/P0061
P0061,PR020,nppes,accepting_new_patients,true,81,https://example.org/nppes/P0061
P0061,PR020,practice_website,phone,555-161-4257,10,https://example.org/practice_website/P0061
P0061,PR020,practice_website,address,"527 Oak Ave, Suite 2, FL",138,https://example.org/practice_website/P0061
P0061,PR020,practice_website,specialty,cardiology,22,https://example.org/practice_website/P0061
P0061,PR020,practice_website,accepting_new_patients,true,88,https://example.org/practice_website/P0061
P0061,PR020,health_system,phone,555-161-4257,48,https://example.org/health_system/P0061
P0061,PR020,health_system,address,"527 Oak Ave, Suite 2, FL",9,https://example.org/health_system/P0061
P0061,PR020,health_system,specialty,cardiology,49,https://example.org/health_system/P0061
P0061,PR020,health_system,accepting_new_patients,true,25,https://example.org/health_system/P0061
P0061,PR020,business_listing,phone,555-372-5064,111,https://example.org/business_listing/P0061
P0061,PR020,business_listing,address,"527 Oak Ave, Suite 2, FL",37,https://example.org/business_listing/P0061
P0061,PR020,business_listing,specialty,cardiology,104,https://example.org/business_listing/P0061
P0061,PR020,business_listing,accepting_new_patients,false,125,https://example.org/business_listing/P0061
P0061,PR020,state_license,license_status,active,46,https://example.org/license/P0061
P0062,PR020,nppes,phone,555-162-4294,112,https://example.org/nppes/P0062
P0062,PR020,nppes,address,"534 Cedar Rd, Suite 3, FL",38,https://example.org/nppes/P0062
P0062,PR020,nppes,specialty,dermatology,121,https://example.org/nppes/P0062
P0062,PR020,nppes,accepting_new_patients,true,86,https://example.org/nppes/P0062
P0062,PR020,practice_website,phone,555-162-4294,106,https://example.org/practice_website/P0062
P0062,PR020,practice_website,address,"534 Cedar Rd, Suite 3, FL",129,https://example.org/practice_website/P0062
P0062,PR020,practice_website,specialty,,7,https://example.org/practice_website/P0062
P0062,PR020,practice_website,accepting_new_patients,true,50,https://example.org/practice_website/P0062
P0062,PR020,health_system,phone,555-162-4294,45,https://example.org/health_system/P0062
P0062,PR020,health_system,address,"534 Cedar Rd, Suite 3, FL",157,https://example.org/health_system/P0062
P0062,PR020,health_system,specialty,dermatology,16,https://example.org/health_system/P0062
P0062,PR020,health_system,accepting_new_patients,true,86,https://example.org/health_system/P0062
P0062,PR020,business_listing,phone,555-162-4294,160,https://example.org/business_listing/P0062
P0062,PR020,business_listing,address,"1577 Oak Ave, Suite 8, FL",21,https://example.org/business_listing/P0062
P0062,PR020,business_listing,specialty,dermatology,104,https://example.org/business_listing/P0062
P0062,PR020,business_listing,accepting_new_patients,true,68,https://example.org/business_listing/P0062
P0062,PR020,state_license,license_status,active,29,https://example.org/license/P0062
P0063,PR021,nppes,phone,555-163-4331,2,https://example.org/nppes/P0063
P0063,PR021,nppes,address,"541 Pine Blvd, Suite 4, FL",32,https://example.org/nppes/P0063
P0063,PR021,nppes,specialty,pediatrics,109,https://example.org/nppes/P0063
P0063,PR021,nppes,accepting_new_patients,true,111,https://example.org/nppes/P0063
P0063,PR021,practice_website,phone,555-163-4331,178,https://example.org/practice_website/P0063
P0063,PR021,practice_website,address,,77,https://example.org/practice_website/P0063
P0063,PR021,practice_website,specialty,pediatrics,77,https://example.org/practice_website/P0063
P0063,PR021,practice_website,accepting_new_patients,true,104,https://example.org/practice_website/P0063
P0063,PR021,health_system,phone,555-163-4331,158,https://example.org/health_system/P0063
P0063,PR021,health_system,address,"541 Pine Blvd, Suite 4, FL",132,https://example.org/health_system/P0063
P0063,PR021,health_system,specialty,pediatrics,69,https://example.org/health_system/P0063
P0063,PR021,health_system,accepting_new_patients,true,131,https://example.org/health_system/P0063
P0063,PR021,business_listing,phone,555-163-4331,28,https://example.org/business_listing/P0063
P0063,PR021,business_listing,address,"541 Pine Blvd, Suite 4, FL",78,https://example.org/business_listing/P0063
P0063,PR021,business_listing,specialty,pediatrics,98,https://example.org/business_listing/P0063
P0063,PR021,business_listing,accepting_new_patients,true,168,https://example.org/business_listing/P0063
P0063,PR021,state_license,license_status,active,65,https://example.org/license/P0063
P0064,PR021,nppes,phone,555-164-4368,175,https://example.org/nppes/P0064
P0064,PR021,nppes,address,"548 Market St, Suite 5, FL",6,https://example.org/nppes/P0064
P0064,PR021,nppes,specialty,orthopedics,154,https://example.org/nppes/P0064
P0064,PR021,nppes,accepting_new_patients,false,105,https://example.org/nppes/P0064
P0064,PR021,practice_website,phone,555-164-4368,37,https://example.org/practice_website/P0064
P0064,PR021,practice_website,address,"548 Market St, Suite 5, FL",87,https://example.org/practice_website/P0064
P0064,PR021,practice_website,specialty,orthopedics,48,https://example.org/practice_website/P0064
P0064,PR021,practice_website,accepting_new_patients,false,57,https://example.org/practice_website/P0064
P0064,PR021,health_system,phone,555-265-8105,46,https://example.org/health_system/P0064
P0064,PR021,health_system,address,"548 Market St, Suite 5, FL",118,https://example.org/health_system/P0064
P0064,PR021,health_system,specialty,orthopedics,169,https://example.org/health_system/P0064
P0064,PR021,health_system,accepting_new_patients,false,112,https://example.org/health_system/P0064
P0064,PR021,business_listing,phone,555-164-4368,15,https://example.org/business_listing/P0064
P0064,PR021,business_listing,address,"548 Market St, Suite 5, FL",65,https://example.org/business_listing/P0064
P0064,PR021,business_listing,specialty,orthopedics,95,https://example.org/business_listing/P0064
P0064,PR021,business_listing,accepting_new_patients,false,124,https://example.org/business_listing/P0064
P0064,PR021,state_license,license_status,active,29,https://example.org/license/P0064
P0065,PR021,nppes,phone,555-165-4405,98,https://example.org/nppes/P0065
P0065,PR021,nppes,address,"555 Lake Dr, Suite 6, FL",117,https://example.org/nppes/P0065
P0065,PR021,nppes,specialty,neurology,92,https://example.org/nppes/P0065
P0065,PR021,nppes,accepting_new_patients,true,33,https://example.org/nppes/P0065
P0065,PR021,practice_website,phone,555-165-4405,168,https://example.org/practice_website/P0065
P0065,PR021,practice_website,address,"555 Lake Dr, Suite 6, FL",103,https://example.org/practice_website/P0065
P0065,PR021,practice_website,specialty,neurology,16,https://example.org/practice_website/P0065
P0065,PR021,practice_website,accepting_new_patients,true,51,https://example.org/practice_website/P0065
P0065,PR021,health_system,phone,,99,https://example.org/health_system/P0065
P0065,PR021,health_system,address,"555 Lake Dr, Suite 6, FL",130,https://example.org/health_system/P0065
P0065,PR021,health_system,specialty,neurology,77,https://example.org/health_system/P0065
P0065,PR021,health_system,accepting_new_patients,true,112,https://example.org/health_system/P0065
P0065,PR021,business_listing,phone,,137,https://example.org/business_listing/P0065
P0065,PR021,business_listing,address,"555 Lake Dr, Suite 6, FL",143,https://example.org/business_listing/P0065
P0065,PR021,business_listing,specialty,neurology,160,https://example.org/business_listing/P0065
P0065,PR021,business_listing,accepting_new_patients,true,92,https://example.org/business_listing/P0065
P0065,PR021,state_license,license_status,active,48,https://example.org/license/P0065
P0066,PR022,nppes,phone,555-166-4442,77,https://example.org/nppes/P0066
P0066,PR022,nppes,address,"562 Main St, Suite 7, FL",27,https://example.org/nppes/P0066
P0066,PR022,nppes,specialty,family medicine,79,https://example.org/nppes/P0066
P0066,PR022,nppes,accepting_new_patients,true,41,https://example.org/nppes/P0066
P0066,PR022,practice_website,phone,555-166-4442,170,https://example.org/practice_website/P0066
P0066,PR022,practice_website,address,"562 Main St, Suite 7, FL",152,https://example.org/practice_website/P0066
P0066,PR022,practice_website,specialty,family medicine,38,https://example.org/practice_website/P0066
P0066,PR022,practice_website,accepting_new_patients,false,27,https://example.org/practice_website/P0066
P0066,PR022,health_system,phone,555-166-4442,5,https://example.org/health_system/P0066
P0066,PR022,health_system,address,"562 Main St, Suite 7, FL",42,https://example.org/health_system/P0066
P0066,PR022,health_system,specialty,family medicine,8,https://example.org/health_system/P0066
P0066,PR022,health_system,accepting_new_patients,true,88,https://example.org/health_system/P0066
P0066,PR022,business_listing,phone,555-166-4442,93,https://example.org/business_listing/P0066
P0066,PR022,business_listing,address,"562 Main St, Suite 7, FL",99,https://example.org/business_listing/P0066
P0066,PR022,business_listing,specialty,family medicine,36,https://example.org/business_listing/P0066
P0066,PR022,business_listing,accepting_new_patients,true,19,https://example.org/business_listing/P0066
P0066,PR022,state_license,license_status,active,73,https://example.org/license/P0066
P0067,PR022,nppes,phone,555-167-4479,7,https://example.org/nppes/P0067
P0067,PR022,nppes,address,"569 Oak Ave, Suite 8, FL",86,https://example.org/nppes/P0067
P0067,PR022,nppes,specialty,cardiology,70,https://example.org/nppes/P0067
P0067,PR022,nppes,accepting_new_patients,true,119,https://example.org/nppes/P0067
P0067,PR022,practice_website,phone,555-167-4479,58,https://example.org/practice_website/P0067
P0067,PR022,practice_website,address,"569 Oak Ave, Suite 8, FL",101,https://example.org/practice_website/P0067
P0067,PR022,practice_website,specialty,cardiology,43,https://example.org/practice_website/P0067
P0067,PR022,practice_website,accepting_new_patients,true,92,https://example.org/practice_website/P0067
P0067,PR022,health_system,phone,555-167-4479,144,https://example.org/health_system/P0067
P0067,PR022,health_system,address,"569 Oak Ave, Suite 8, FL",18,https://example.org/health_system/P0067
P0067,PR022,health_system,specialty,cardiology,59,https://example.org/health_system/P0067
P0067,PR022,health_system,accepting_new_patients,true,39,https://example.org/health_system/P0067
P0067,PR022,business_listing,phone,555-167-4479,135,https://example.org/business_listing/P0067
P0067,PR022,business_listing,address,"569 Oak Ave, Suite 8, FL",129,https://example.org/business_listing/P0067
P0067,PR022,business_listing,specialty,orthopedics,62,https://example.org/business_listing/P0067
P0067,PR022,business_listing,accepting_new_patients,true,58,https://example.org/business_listing/P0067
P0067,PR022,state_license,license_status,active,30,https://example.org/license/P0067
P0068,PR022,nppes,phone,555-168-4516,18,https://example.org/nppes/P0068
P0068,PR022,nppes,address,"576 Cedar Rd, Suite 9, FL",178,https://example.org/nppes/P0068
P0068,PR022,nppes,specialty,dermatology,94,https://example.org/nppes/P0068
P0068,PR022,nppes,accepting_new_patients,false,174,https://example.org/nppes/P0068
P0068,PR022,practice_website,phone,555-168-4516,118,https://example.org/practice_website/P0068
P0068,PR022,practice_website,address,"576 Cedar Rd, Suite 9, FL",79,https://example.org/practice_website/P0068
P0068,PR022,practice_website,specialty,dermatology,41,https://example.org/practice_website/P0068
P0068,PR022,practice_website,accepting_new_patients,false,151,https://example.org/practice_website/P0068
P0068,PR022,health_system,phone,555-379-5323,59,https://example.org/health_system/P0068
P0068,PR022,health_system,address,"576 Cedar Rd, Suite 9, FL",116,https://example.org/health_system/P0068
P0068,PR022,health_system,specialty,dermatology,129,https://example.org/health_system/P0068
P0068,PR022,health_system,accepting_new_patients,false,143,https://example.org/health_system/P0068
P0068,PR022,business_listing,phone,555-168-4516,29,https://example.org/business_listing/P0068
P0068,PR022,business_listing,address,,77,https://example.org/business_listing/P0068
P0068,PR022,business_listing,specialty,dermatology,102,https://example.org/business_listing/P0068
P0068,PR022,business_listing,accepting_new_patients,false,176,https://example.org/business_listing/P0068
P0068,PR022,state_license,license_status,probation,18,https://example.org/license/P0068
P0069,PR023,nppes,phone,555-169-4553,79,https://example.org/nppes/P0069
P0069,PR023,nppes,address,"583 Pine Blvd, Suite 10, FL",118,https://example.org/nppes/P0069
P0069,PR023,nppes,specialty,pediatrics,39,https://example.org/nppes/P0069
P0069,PR023,nppes,accepting_new_patients,true,99,https://example.org/nppes/P0069
P0069,PR023,practice_website,phone,555-169-4553,161,https://example.org/practice_website/P0069
P0069,PR023,practice_website,address,"583 Pine Blvd, Suite 10, FL",80,https://example.org/practice_website/P0069
P0069,PR023,practice_website,specialty,pediatrics,62,https://example.org/practice_website/P0069
P0069,PR023,practice_website,accepting_new_patients,true,49,https://example.org/practice_website/P0069
P0069,PR023,health_system,phone,555-169-4553,118,https://example.org/health_system/P0069
P0069,PR023,health_system,address,"583 Pine Blvd, Suite 10, FL",149,https://example.org/health_system/P0069
P0069,PR023,health_system,specialty,pediatrics,133,https://example.org/health_system/P0069
P0069,PR023,health_system,accepting_new_patients,true,127,https://example.org/health_system/P0069
P0069,PR023,business_listing,phone,555-169-4553,147,https://example.org/business_listing/P0069
P0069,PR023,business_listing,address,"583 Pine Blvd, Suite 10, FL",163,https://example.org/business_listing/P0069
P0069,PR023,business_listing,specialty,,146,https://example.org/business_listing/P0069
P0069,PR023,business_listing,accepting_new_patients,true,74,https://example.org/business_listing/P0069
P0069,PR023,state_license,license_status,active,15,https://example.org/license/P0069
P0070,PR023,nppes,phone,555-170-4590,67,https://example.org/nppes/P0070
P0070,PR023,nppes,address,"590 Market St, Suite 11, FL",5,https://example.org/nppes/P0070
P0070,PR023,nppes,specialty,orthopedics,111,https://example.org/nppes/P0070
P0070,PR023,nppes,accepting_new_patients,true,28,https://example.org/nppes/P0070
P0070,PR023,practice_website,phone,555-170-4590,41,https://example.org/practice_website/P0070
P0070,PR023,practice_website,address,"590 Market St, Suite 11, FL",106,https://example.org/practice_website/P0070
P0070,PR023,practice_website,specialty,orthopedics,119,https://example.org/practice_website/P0070
P0070,PR023,practice_website,accepting_new_patients,true,106,https://example.org/practice_website/P0070
P0070,PR023,health_system,phone,555-170-4590,164,https://example.org/health_system/P0070
P0070,PR023,health_system,address,"590 Market St, Suite 11, FL",58,https://example.org/health_system/P0070
P0070,PR023,health_system,specialty,orthopedics,49,https://example.org/health_system/P0070
P0070,PR023,health_system,accepting_new_patients,true,108,https://example.org/health_system/P0070
P0070,PR023,business_listing,phone,555-170-4590,159,https://example.org/business_listing/P0070
P0070,PR023,business_listing,address,"590 Market St, Suite 11, FL",93,https://example.org/business_listing/P0070
P0070,PR023,business_listing,specialty,orthopedics,163,https://example.org/business_listing/P0070
P0070,PR023,business_listing,accepting_new_patients,,24,https://example.org/business_listing/P0070
P0070,PR023,state_license,license_status,active,45,https://example.org/license/P0070
P0071,PR023,nppes,phone,555-171-4627,2,https://example.org/nppes/P0071
P0071,PR023,nppes,address,"597 Lake Dr, Suite 12, FL",96,https://example.org/nppes/P0071
P0071,PR023,nppes,specialty,neurology,141,https://example.org/nppes/P0071
P0071,PR023,nppes,accepting_new_patients,true,79,https://example.org/nppes/P0071
P0071,PR023,practice_website,phone,555-171-4627,11,https://example.org/practice_website/P0071
P0071,PR023,practice_website,address,"1640 Market St, Suite 5, FL",3,https://example.org/practice_website/P0071
P0071,PR023,practice_website,specialty,neurology,95,https://example.org/practice_website/P0071
P0071,PR023,practice_website,accepting_new_patients,true,155,https://example.org/practice_website/P0071
P0071,PR023,health_system,phone,555-171-4627,115,https://example.org/health_system/P0071
P0071,PR023,health_system,address,"597 Lake Dr, Suite 12, FL",83,https://example.org/health_system/P0071
P0071,PR023,health_system,specialty,neurology,63,https://example.org/health_system/P0071
P0071,PR023,health_system,accepting_new_patients,true,110,https://example.org/health_system/P0071
P0071,PR023,business_listing,phone,555-382-5434,63,https://example.org/business_listing/P0071
P0071,PR023,business_listing,address,"597 Lake Dr, Suite 12, FL",88,https://example.org/business_listing/P0071
P0071,PR023,business_listing,specialty,dermatology,44,https://example.org/business_listing/P0071
P0071,PR023,business_listing,accepting_new_patients,true,16,https://example.org/business_listing/P0071
P0071,PR023,state_license,license_status,active,89,https://example.org/license/P0071
